timestamp,x,y,z
1403636578946206122,4.782299717479681,-1.815573627707949,0.844627073703417
1403636579004143429,4.782211875203567,-1.814786498679201,0.857671004873771
1403636579047965850,4.780753076148544,-1.813192217961323,0.874623868538954
1403636579091815219,4.779119047234494,-1.812024099627725,0.891923194574204
1403636579137875235,4.778763763639956,-1.811005571673068,0.911808687611646
1403636579186224997,4.777324717064561,-1.809848509910934,0.931869271432353
1403636579254740858,4.776842047978657,-1.808780968380039,0.951898945542721
1403636579335816079,4.778211370448088,-1.808358152496969,0.972186857221806
1403636579388961910,4.779253606637803,-1.807804150780571,1.010285216929578
1403636579438758307,4.779215910232008,-1.807703323337441,1.030940795399661
1403636579505826594,4.778685512657686,-1.807729375683401,1.047815351509628
1403636579588676587,4.77796040108369,-1.808118652195397,1.064706825294105
1403636579638208481,4.778814219965764,-1.809278562305658,1.079138408163674
1403636579689610163,4.779293549512449,-1.810337804611678,1.089258104955462
1403636579754240993,4.782343558062946,-1.812081167988892,1.095027373006829
1403636579797835578,4.783936670571112,-1.812689014911697,1.091240672110694
1403636580330586232,4.777233878350624,-1.820940060116659,0.895287863282205
1403636580373948123,4.775467081553665,-1.822931931852263,0.846697965274349
1403636580428282334,4.774245391993405,-1.824010372512895,0.82534881665677
1403636580506018942,4.777915598197157,-1.827112941245466,0.806465661210415
1403636580549513527,4.778242406906093,-1.828547443029606,0.790348623283586
1403636580594434548,4.777867532847703,-1.829693865296635,0.776357550893807
1403636580638215823,4.777164616399012,-1.830450949570905,0.766556620423604
1403636580687685710,4.776393605214227,-1.830910610505948,0.762692654581394
1403636580752768457,4.776877903832799,-1.83143278330864,0.767140469255473
1403636581170114499,4.753474641973491,-1.825295813918123,0.899622217340406
1403636581288879707,4.75930233485528,-1.832582416741158,1.080574605008735
1403636581332596666,4.760166022904956,-1.831460566536373,1.138220415097557
1403636581377588298,4.761293305404497,-1.830368965028887,1.162475408446803
1403636581426952823,4.762917475608325,-1.829788671585789,1.182859978060066
1403636581484501936,4.765970971784051,-1.829827464039828,1.197027798831981
1403636581552935902,4.769290511884406,-1.830663007145498,1.203731270542243
1403636582065116832,4.7800541494134,-1.82419315705452,0.955955706672121
1403636582189470531,4.781495062064429,-1.825434145714553,0.891417545922822
1403636582230138220,4.777541174042147,-1.826386497363647,0.839981387410643
1403636582274158727,4.777425759958157,-1.827758795863318,0.819805124587948
1403636582337044268,4.7763605808615,-1.82858460618606,0.807076069818075
1403636582406442859,4.778047866917014,-1.830664144757201,0.801867315518171
1403636583022852359,4.768293472464709,-1.828484513004314,1.117625960630289
1403636583066907592,4.766533803761446,-1.825502397928043,1.149717970884251
1403636583109581761,4.768076354258058,-1.823648231075766,1.176697505798455
1403636583154243511,4.77014996026304,-1.82249657533971,1.201763548028111
1403636583198819754,4.772553413044695,-1.821958309672084,1.220352797183267
1403636583255548389,4.774469420124882,-1.821464141930528,1.231775813165429
1403636583299840207,4.775819657642344,-1.821235492271778,1.235203194452021
1403636583843848945,4.775241209013654,-1.813083491836566,0.942865906720176
1403636583956933312,4.77505607564106,-1.81132635349407,0.883372285712628
1403636584002627061,4.774128276513356,-1.810715845112917,0.85821992716545
1403636584046796282,4.774876657750196,-1.811435231880601,0.834180686566646
1403636584089777019,4.774996634105668,-1.81227255862803,0.814401233279924
1403636584137126845,4.775639849194107,-1.813459721648194,0.799624030963688
1403636584186689255,4.777834235088303,-1.815385988061194,0.790184510168919
1403636584252798853,4.778958460016601,-1.816950064577972,0.787218393300805
1403636584928732409,4.755413138720287,-1.811984012474137,1.14715474509803
1403636584972126292,4.756524272207972,-1.813495476958571,1.203267924478227
1403636585059747883,4.758581468543909,-1.814599783419771,1.226745057154239
1403636585104625515,4.760190846445833,-1.815590392837239,1.243184504808029
1403636585148636852,4.761406292204544,-1.816520796367614,1.252603051362976
1403636585192377725,4.761352881070118,-1.816925603728179,1.254555468985013
1403636585753051909,4.760862409454133,-1.808330248934501,1.043443266951815
1403636585796865808,4.763187402041441,-1.805150778464306,1.001054257430079
1403636585840835550,4.767148620684902,-1.804410645421119,0.985146862839568
1403636585883520767,4.772223424932927,-1.804655284894829,0.973412054211754
1403636585927520517,4.774765481852003,-1.804123753983758,0.965464406466657
1403636585972482882,4.778502189393915,-1.804249485157304,0.960879894094719
1403636586022200143,4.78250335228512,-1.804492466330683,0.959052570476877
1403636586103778508,4.786520404135235,-1.805347370861927,0.959411052432813
1403636586148706678,4.787684976874025,-1.80557011453385,0.960953023998948
1403636586192838772,4.787709407582436,-1.806135077613918,0.963066838338099
1403636586253324130,4.787107775655029,-1.808328099963981,0.965087736949384
1403636586297379656,4.786110852655585,-1.809202650805637,0.968754523954005
1403636586341420834,4.784721827152162,-1.811128502441659,0.972500004790262
1403636586389935753,4.784329760397688,-1.813105919771828,0.9757468980094
1403636586504901787,4.786995185561154,-1.816058011822302,0.980881289549893
1403636586544407342,4.789130292275974,-1.816665795596255,0.982874213526961
1403636586588421010,4.792314299467057,-1.817239853043277,0.984515925073045
1403636586636897640,4.79468544655672,-1.81708787362961,0.986042030803779
1403636586686109819,4.798312791868765,-1.816528111468376,0.987830253553796
1403636586752314356,4.801391146489253,-1.814704040192773,0.990079431619152
1403636586840693924,4.804834408425071,-1.811916117511608,0.992368464900588
1403636586887008303,4.807744919948881,-1.807767375912281,0.994974475973922
1403636586937462871,4.810505257174934,-1.803764982257232,0.996731344619368
1403636587004029401,4.813146429758145,-1.794360880897209,0.998626545757257
1403636587047832592,4.813262885515732,-1.791076445634722,0.998293889321022
1403636587092229072,4.812756137435082,-1.789397021358238,0.997724459988503
1403636587190078645,4.809345990916135,-1.786991552953824,0.997567157533579
1403636587255759123,4.805277848568526,-1.783524783292533,0.997602203045938
1403636587299620346,4.803009659562267,-1.781038829128778,0.997838590392758
1403636587343422689,4.801216393578065,-1.777153018114995,0.997664198630407
1403636587390573082,4.799906205741375,-1.771927040685418,0.997395058228165
1403636587438799067,4.799307727557726,-1.764657314358535,0.996781922451442
1403636587589508871,4.796032815535281,-1.744202965955503,0.996254301531713
1403636587637079925,4.796795300321266,-1.733146404463727,0.995884282615918
1403636587687772326,4.79972392512254,-1.718901830107525,0.995317721434075
1403636587753868917,4.805342907770228,-1.687948167673975,0.995043605894493
1403636587840350557,4.814229965058695,-1.653417089580491,0.99584526974613
1403636587936596700,4.816860440459041,-1.633613026005887,0.996980540911592
1403636588002386794,4.826636133259694,-1.598467823368667,0.998095587535684
1403636588047378502,4.831445675700204,-1.580470155803521,0.997552836983212
1403636588090212794,4.83583926530777,-1.563321888668966,0.9963391466107
1403636588137334025,4.839687366099423,-1.547539961723016,0.994704195361742
1403636588191331429,4.8432488178833,-1.532383079964062,0.992743484309291
1403636588289577755,4.845602381560561,-1.517505307968899,0.990623333411496
1403636588340007658,4.848977459412119,-1.505771939097331,0.9879278717022
1403636588390396684,4.851911224378118,-1.495452079649219,0.985480848797768
1403636588439704975,4.856001396528158,-1.480648153616123,0.981269908813563
1403636588503706592,4.858061526937475,-1.476789811693003,0.979724219000156
1403636588589710927,4.860416496610672,-1.475236479925592,0.97769122149474
1403636588686666658,4.860709196762318,-1.477604468202317,0.977331655677842
1403636588752602492,4.858784634886074,-1.488222802251352,0.979796947948863
1403636588796868105,4.857488031596243,-1.49656827473142,0.981813478468786
1403636588840437312,4.855519505477457,-1.506967636382735,0.983645353329489
1403636588886640282,4.854063990286394,-1.518797417106806,0.984825044622527
1403636588936462671,4.850988643724039,-1.532164204766172,0.985514353379887
1403636589002664321,4.848431013742473,-1.546915814097097,0.985667004545828
1403636589090529757,4.845215465241413,-1.563572283329362,0.985836718474086
1403636589135476263,4.840664841260764,-1.581119734729743,0.986682602759106
1403636589186551335,4.832473924133003,-1.619688639268239,0.989866132814322
1403636589252110094,4.828452198160028,-1.641806174445572,0.992362197309153
1403636589295938242,4.824271293608224,-1.664163069062802,0.995121546672124
1403636589339819106,4.819337441198714,-1.685389990443717,0.998105096810572
1403636589436858272,4.814925952839772,-1.707776064409816,1.000770119472344
1403636589502764305,4.802821610269177,-1.754400577609941,1.004715949936838
1403636589547536599,4.79549987144307,-1.777433458972395,1.00552069684236
1403636589590309128,4.788929235309902,-1.80089882595934,1.005960015161562
1403636589637543165,4.782259860910881,-1.824274382510865,1.006306047468711
1403636589687106096,4.77571126122268,-1.846916886795816,1.006266374339176
1403636589752294055,4.772831399203581,-1.870777870749762,1.005702557871077
1403636589796262260,4.76593906224801,-1.89365563197776,1.005472565254832
1403636589843651138,4.759868323395161,-1.916851488052265,1.005105750670181
1403636589888516289,4.754411874897593,-1.938175137971018,1.004448306141542
1403636589935826976,4.748329339110414,-1.960591731749908,1.003076065697735
1403636590005357954,4.742652396421689,-1.98150137436984,1.00063878066434
1403636590049380920,4.737648565397932,-1.998249928281027,0.999195455922448
1403636590138911821,4.733793330883795,-2.014529005978757,0.997007246396014
1403636590187712043,4.729451095132783,-2.029204912011868,0.994600442265157
1403636590253846447,4.724209930817305,-2.053576699457016,0.99284197695539
1403636590297218328,4.722604706894664,-2.062331724223343,0.993001531916158
1403636590341152349,4.722170428081496,-2.06846537044128,0.993513004355484
1403636590390974063,4.722102874502555,-2.071332019343174,0.994370561225926
1403636590506765291,4.72414158666413,-2.071910550993822,0.995287438377072
1403636590589018842,4.73438386313847,-2.056765637429882,0.998507636850456
1403636590639401739,4.738453022912648,-2.045260882563243,1.000230554628701
1403636590690803638,4.744208565389049,-2.032310109123585,1.002004690993594
1403636590800470392,4.751585651899544,-2.018000212796482,1.00373499666065
1403636590844115475,4.757592782396086,-2.001623662138521,1.00541710763551
1403636590891442058,4.770648423383949,-1.965464995096666,1.007128052072124
1403636590936632219,4.777953801058519,-1.944799186796538,1.006431385683424
1403636591003653891,4.784082486727291,-1.924219598055759,1.006132341250589
1403636591047613059,4.790061027306862,-1.900840826681699,1.005006207047041
1403636591091467910,4.796795155446656,-1.87798084956425,1.003876321302052
1403636591189867420,4.800620811930807,-1.853993024117942,1.002790591917886
1403636591255004841,4.813626534654364,-1.807807670982435,1.000047099612413
1403636591298768767,4.818306081921672,-1.786384772766297,0.999111168570604
1403636591343811925,4.824216131023715,-1.764235528435775,0.998106994180032
1403636591389966679,4.828212843842238,-1.744095727129962,0.996991568362607
1403636591438667783,4.832692111409098,-1.725078706778174,0.994937369699997
1403636591505613730,4.833432472959984,-1.707310333508779,0.992670933836296
1403636591589850917,4.837185729032693,-1.692680101165001,0.989580827848775
1403636591639310377,4.840173286424204,-1.669444112749103,0.981779243365323
1403636591697646638,4.840689777421466,-1.660533632047474,0.977847167510559
1403636591749039713,4.8418186214916,-1.652756101724651,0.973506542039439
1403636591794318305,4.841418510976189,-1.646399950262759,0.969461720018879
1403636591839281959,4.841396499502592,-1.642174503656897,0.965866773162758
1403636591939572434,4.840919286995301,-1.639616433198386,0.963311558533686
1403636592006225277,4.840673585556411,-1.636542138823969,0.961290669457883
1403636592050104948,4.840253128808527,-1.634590268938781,0.961123786320252
1403636592093942233,4.838109832685741,-1.631581782806864,0.96135058962011
1403636592138809726,4.836400949282284,-1.62722064473863,0.961398413373997
1403636592187956043,4.833219834376267,-1.620886696236949,0.961355253924476
1403636592253845699,4.829452735291508,-1.612934095344237,0.960762329058467
1403636592341543208,4.815489577998291,-1.600808616880385,0.96090687059761
1403636592387990057,4.809172470198041,-1.590769025243997,0.959919511991871
1403636592438434112,4.800908019035084,-1.580264644272242,0.959197556550373
1403636592503255838,4.782662051725267,-1.561156386594892,0.957729210592869
1403636592547057061,4.7724153855759,-1.553437126015554,0.95713092591629
1403636592590996334,4.760628316781887,-1.547311387046201,0.95687604772017
1403636592690109000,4.733853720294372,-1.539200016890014,0.958665393513151
1403636592756468825,4.703509765368627,-1.538336228886297,0.959174860778651
1403636592799292279,4.687523949679305,-1.541785101366545,0.958891290426008
1403636592843992577,4.671667299331834,-1.547814359795916,0.958081289286526
1403636592889997845,4.656223815523842,-1.55570391212479,0.957265366060192
1403636592939154873,4.638738076296525,-1.566447143366322,0.956586705863481
1403636593048553801,4.613553223042102,-1.575121535243532,0.95722465443654
1403636593092432393,4.599564331974596,-1.593548959295975,0.955507417958562
1403636593136360958,4.588250083803508,-1.613203037319773,0.953895566307294
1403636593189828823,4.569975940608871,-1.660843504504328,0.952437867568387
1403636593256578768,4.56453247029366,-1.69023087798084,0.952254237734053
1403636593300007985,4.560683772955559,-1.720843934570305,0.952874822242809
1403636593387472286,4.572743659989784,-1.756913269539052,0.952475578901077
1403636593439501934,4.583096596903811,-1.81705890567429,0.955384861864111
1403636593504410049,4.590840937068326,-1.844269805007984,0.956983164973246
1403636593549569300,4.603571855222826,-1.869408181332758,0.957836260879693
1403636593592219191,4.618448741478309,-1.891513441025566,0.957768287688637
1403636593637761831,4.634137305113537,-1.908787979665379,0.957324755820953
1403636593687622534,4.652434882090235,-1.922026561178184,0.955796954527249
1403636593798539602,4.690647571002575,-1.938965306953373,0.951542841751267
1403636593842590357,4.707508987278612,-1.942228207723236,0.949054481512663
1403636593982000576,4.799396298945245,-1.945434253528016,0.937554085940207
1403636594027186652,4.823236754528072,-1.915380570274433,0.936357686815526
1403636594076463351,4.843818526382191,-1.901495575815939,0.936008363634842
1403636594127019576,4.86434288435529,-1.88490425226802,0.936162703421185
1403636594180816924,4.882333626495022,-1.866388734443382,0.936915828096766
1403636594233431428,4.900656625051133,-1.846634573956367,0.937503928280039
1403636594302540597,4.914924390204665,-1.825864847349493,0.937972688662072
1403636594346384838,4.922186936566225,-1.800406007179411,0.938160121710365
1403636594391282803,4.926910791393996,-1.772493752675966,0.937702057799952
1403636594439322182,4.92824962998208,-1.744505963169092,0.936775113110559
1403636594504016766,4.926577684155487,-1.715519911786817,0.935702215162633
1403636594548777227,4.922956492897646,-1.685601398544889,0.934670709173475
1403636594592775914,4.915828210651338,-1.656140238500791,0.933480905689771
1403636594689633129,4.890305765068829,-1.621695461471492,0.934247902982396
1403636594756666169,4.865325512289487,-1.571034158689371,0.931886841529346
1403636594800554891,4.850226409627133,-1.551930765916052,0.931018633545452
1403636594844025435,4.833398211792668,-1.538125842101069,0.930098559755845
1403636594887355845,4.81547140292504,-1.531062163265204,0.929174124499149
1403636594936888086,4.795482982489397,-1.53010665723452,0.927288650871514
1403636595206477217,4.708856180792481,-1.557400728769815,0.923179521813859
1403636595252568099,4.660969044457252,-1.645546947358896,0.917280629133615
1403636595360346675,4.632231665342636,-1.711967771389231,0.913643777446837
1403636595408415961,4.623215944707109,-1.744540479782101,0.913043004905794
1403636595453304949,4.620507334142994,-1.776616357505668,0.911557509603055
1403636595503422257,4.619835912688102,-1.803211695474301,0.910867932778288
1403636595546182772,4.620925364854168,-1.827888711445463,0.910603270412842
1403636595590873718,4.627599131986083,-1.846462551840225,0.910341284410171
1403636595638715713,4.636550020000264,-1.859326585195272,0.910322241546548
1403636595690463385,4.648089712417589,-1.865627945268289,0.910033971510322
1403636595993729331,4.764167755220122,-1.856421790669926,0.900111080849549
1403636596047848241,4.799868548224166,-1.789667585008244,0.895947920303581
1403636596117260700,4.828496788179766,-1.771949225153182,0.892194659971145
1403636596166885094,4.850063345247233,-1.753251074745075,0.890227458240935
1403636596210736591,4.871037592586501,-1.738952023758347,0.88853773782596
1403636596256741148,4.889885725230406,-1.72769326137149,0.887654686025104
1403636596299670452,4.907828053481842,-1.722044365080969,0.887177562262752
1403636596343589172,4.922842237586156,-1.722084093980569,0.887911156640581
1403636596389599054,4.93767229902085,-1.729070024313601,0.889585586450266
1403636596439689508,4.948643132741448,-1.741745815070552,0.893512540443115
1403636596685011595,5.005972065928467,-1.856150536030383,0.922506367868328
1403636596761271536,5.026281260659779,-1.883482923545096,0.926367350461611
1403636596805009256,5.029540335105941,-1.90175470965879,0.930467365705875
1403636596850058925,5.03244477523682,-1.917660067616398,0.93345507791544
1403636596893735790,5.033766875413037,-1.928642341749593,0.934667761287953
1403636596938641403,5.032350008983815,-1.935209897888054,0.934908651054919
1403636597004108943,5.028320995819749,-1.93697551933674,0.933865962262074
1403636597047937110,5.021584363141639,-1.93446590853748,0.932443685885314
1403636597091788581,5.011973758436946,-1.928031201549493,0.930371001105915
1403636597188920267,4.980813687949313,-1.910916079476121,0.930116092632523
1403636597253534266,4.94141798275924,-1.88023574331723,0.925670510741855
1403636597297579215,4.91812637125696,-1.861633162541217,0.923743182354943
1403636597341358602,4.895094607254002,-1.842399624206787,0.9221921960915
1403636597387938650,4.871271735495986,-1.822822056823493,0.922147092015956
1403636597437642370,4.848110288401471,-1.804684669124759,0.923331138006932
1403636597546841435,4.790975029455594,-1.775209334768278,0.928486999265051
1403636597591001378,4.765989274486582,-1.75919367903691,0.930199945569148
1403636597638515362,4.742049103920965,-1.745962676239367,0.931367446468036
1403636597696798443,4.693046046984453,-1.725084640545802,0.932604371790937
1403636597769024599,4.658524180107046,-1.719407676855656,0.931412189330114
1403636597852045319,4.63999410120199,-1.719992751106025,0.930849511897487
1403636597894600686,4.635567597059798,-1.728417348190335,0.929055403686984
1403636597939576240,4.634424665318781,-1.73970847448756,0.927895240076392
1403636598002404321,4.637043665804241,-1.752480219807687,0.927082613331519
1403636598045867505,4.643676716480205,-1.765969116442594,0.926309973506075
1403636598090575373,4.652641047505631,-1.778976231733437,0.925651958945035
1403636598136386184,4.663073284125032,-1.790917195323266,0.924971665779892
1403636598253401196,4.711548922725384,-1.820294016208976,0.919978072886522
1403636598298421566,4.727434162530214,-1.828750261692493,0.917777541995419
1403636598340924888,4.743727331058555,-1.835802891993675,0.914486278776909
1403636598389449055,4.758601896459802,-1.840555483649959,0.909988497742296
1403636598437715748,4.771729699110831,-1.843816577483938,0.904184690211742
1403636598504241222,4.781658834456181,-1.844116045097961,0.898220416443639
1403636598591590304,4.795368763639769,-1.845176282028113,0.89040300109785
1403636598638848332,4.79807434844657,-1.841339249558921,0.883154192230093
1403636598689517657,4.793676857641774,-1.827937692904884,0.867991596679456
1403636598755987167,4.786534435040196,-1.818819553843543,0.861135738246966
1403636598798758259,4.778327018953767,-1.809591075014098,0.854220613485383
1403636598843668573,4.76916641221172,-1.799583032935466,0.846219318182567
1403636598887472443,4.75777840413671,-1.789672713079759,0.838152180819399
1403636599002934865,4.726869875328569,-1.766815840250922,0.81804429338903
1403636599046925769,4.717503991022954,-1.758073685264717,0.805313279333558
1403636599090241973,4.708734395206124,-1.750419451157471,0.792391219315824
1403636599135996379,4.699687522100983,-1.743434191332881,0.779586312179417
1403636599187047286,4.693278757109292,-1.738108944202973,0.767197910564749
1403636599254186831,4.686244038572498,-1.732211282789846,0.75657401141624
1403636599341689719,4.67856427678206,-1.725955569954627,0.748016084095312
1403636599391082047,4.676495166646933,-1.722293159284289,0.740199640802261
1403636599439887051,4.67178803165465,-1.717259379548101,0.726501060544136
1403636599505450143,4.669358577961023,-1.715220057832334,0.720352873921565
1403636599587936616,4.662863398017446,-1.713145566725014,0.709272962360151
1403636599640515238,4.658952500981783,-1.712626307249298,0.704190607963708
1403636599750271993,4.650740092704914,-1.710577436322983,0.695979162296911
1403636599794576294,4.649237223070565,-1.709839565405693,0.691971163565429
1403636599838134673,4.647716962558024,-1.709095616507144,0.687872842738099
1403636599887469912,4.647693540509033,-1.707862867897164,0.68515001512713
1403636599939225055,4.649805403259563,-1.707338767085394,0.683781785508566
1403636600049746927,4.653769405858773,-1.707624011929938,0.682359315310443
1403636600093695221,4.655766684227825,-1.707391328102858,0.680953004252346
1403636600137623452,4.657004835619943,-1.706698856186343,0.680411734241515
1403636600187233039,4.657257321502894,-1.705571369219024,0.679499848143122
1403636600253448062,4.657603168227777,-1.704029311379324,0.678259900465021
1403636600296892170,4.658801776913364,-1.703557579073693,0.677958067453871
1403636600389628582,4.658893438364612,-1.703268216584781,0.677877945021466
1403636600439731052,4.658840963560795,-1.703346965340554,0.677743742286381
1403636600506400358,4.659816056157749,-1.703485758355184,0.677440969849513
1403636600587807675,4.659804905352327,-1.703512523794866,0.677433230926947
1403636600638379526,4.659820647701224,-1.703465164733232,0.677424332912147
1403636600752260876,4.659839579613154,-1.703432360706417,0.677463648880641
1403636600796109924,4.659833727065935,-1.703443070888149,0.677452673382339
1403636600842234470,4.659840094642387,-1.703419634999174,0.677440212694615
1403636600890688348,4.659831488206179,-1.703452593107617,0.677459709974415
1403636600936741892,4.65984918855233,-1.703398059293795,0.677447049882642
1403636601001823848,4.659854778373472,-1.703385825547481,0.677453382491189
1403636601047043907,4.659845578775227,-1.703400170922051,0.677430973148895
1403636601139224088,4.659831107086858,-1.703431083224491,0.677413006145308
1403636601189844843,4.659843703336519,-1.703418546717456,0.677458402670725
1403636601255913772,4.659813065200034,-1.703490274642846,0.677433379085558
1403636601299807098,4.659836141331007,-1.703437648696138,0.67745512151316
1403636601343680765,4.659850744187954,-1.703397992943205,0.677455725385662
1403636601388522343,4.659835947259629,-1.703460035408148,0.67750038516476
1403636601506264542,4.659839493311552,-1.703436835387253,0.677472426886689
1403636601550166498,4.6598412019316,-1.703422938709426,0.677453327256906
1403636601593923411,4.659818844308574,-1.703483233426951,0.677451535866711
1403636601638881696,4.658888345367255,-1.703175820477811,0.677657691900274
1403636601754125590,4.658908501112129,-1.70311243154054,0.677640598272619
1403636601798476433,4.658882689820582,-1.703200072039552,0.677675879729778
1403636601842495918,4.658918230036313,-1.703085372631778,0.677639676796991
1403636601890007704,4.65982836862784,-1.703485402077923,0.677509985584321
1403636601938086815,4.658918984147051,-1.703095517479276,0.677664959265627
1403636602004195083,4.659819364637064,-1.703516133923721,0.677522623810363
1403636602047791442,4.658904742743128,-1.703125236321901,0.677645824937805
1403636602138529422,4.658899235838133,-1.703136903506133,0.677638789800245
1403636602187022746,4.658903306007693,-1.703131306011532,0.677650255954905
1403636602254462431,4.658920678421713,-1.703093299550213,0.677669964730175
1403636602297709265,4.658905039379101,-1.703130836615647,0.67765910404404
1403636602341026228,4.65889899180706,-1.703136892928133,0.677637385388789
1403636602388195234,4.658905103849613,-1.70313097058326,0.677659746755314
1403636602502022410,4.658904634914603,-1.703133193790468,0.677661694486015
1403636602545791260,4.658933893127803,-1.703061792306746,0.677679580260806
1403636602591579931,4.658922210857129,-1.703097674507631,0.677687707796311
1403636602638354583,4.659842522860944,-1.703435596858172,0.677487025298681
1403636602688972295,4.658913503033447,-1.703103313477081,0.677650052195694
1403636602754253442,4.658916017540647,-1.70309638448145,0.677649947742725
1403636602842465193,4.658938350571714,-1.703053880555288,0.677688448861724
1403636602891406118,4.658933809831951,-1.703055023178353,0.677665089300809
1403636602939659191,4.658940421335345,-1.703047713627006,0.677687409071825
1403636603005580742,4.658917850369239,-1.703110000684237,0.677688531809469
1403636603050436218,4.658925024019696,-1.703083610156339,0.677674517561029
1403636603093958192,4.658934521519932,-1.703069180122607,0.67769844125912
1403636603189348532,4.659857261581198,-1.703435544544936,0.677570421844927
1403636603255589795,4.659839232601659,-1.70345169561099,0.677501725818557
1403636603339584706,4.658939055321599,-1.703054833552429,0.67769441548242
1403636603390355184,4.658944967700805,-1.703062616457852,0.677744033895666
1403636603439404200,4.659870387169098,-1.703395085717175,0.677560992821996
1403636603548842881,4.658940082344881,-1.703065442415614,0.677722206620741
1403636603592666709,4.658939698959594,-1.703087838345102,0.677766421451436
1403636603640548621,4.658937457642323,-1.703077894874242,0.677733126507656
1403636603696805813,4.658946789172949,-1.703064021161276,0.677757264022408
1403636603767649684,4.658937765207376,-1.703066108204321,0.677710456975278
1403636603855801826,4.658939417815858,-1.703065601745895,0.677718771466395
1403636603900807636,4.658947831602315,-1.703061460421361,0.677757866671732
1403636603944719153,4.659877734478338,-1.703414401353254,0.677642632144365
1403636604004126511,4.658943281546499,-1.703071635681428,0.677753160862297
1403636604048128042,4.658937522923247,-1.703083560682771,0.677745231536712
1403636604092380117,4.658957777050912,-1.703067219171159,0.677826149906754
1403636604137548052,4.658928124921985,-1.703095759244996,0.677717248639263
1403636604253610230,4.658928585481172,-1.703106103337537,0.677741283046533
1403636604297473568,4.659861957318694,-1.703440372300138,0.677607028013436
1403636604342178940,4.658969474305986,-1.703033174751694,0.677821914466639
1403636604389479431,4.659862176111693,-1.703414885136976,0.677555477526696
1403636604436647775,4.658932628069931,-1.703082271469098,0.677714827292477
1403636604503597407,4.658966675610804,-1.703035662353281,0.677811208121203
1403636604546508750,4.658917938518605,-1.703117971236817,0.677705539496228
1403636604638612502,4.658967461402976,-1.703020797133446,0.677784870362096
1403636604690357481,4.658949605391513,-1.703068058571856,0.677781584010218
1403636604755401086,4.658940694942407,-1.703069742628115,0.677734584076572
1403636604799485375,4.658929078890679,-1.703093895204965,0.677718792924491
1403636604843466182,4.658951903520667,-1.703030790556584,0.677717415586638
1403636604889368253,4.658947149269284,-1.703074758313628,0.677781544108304
1403636605005057042,4.658951141912763,-1.703036483277908,0.677724890684956
1403636605050651132,4.658938292711952,-1.703071432566706,0.677724473315766
1403636605094394321,4.65987847694836,-1.703377818261944,0.67757106563624
1403636605139432294,4.65895483694199,-1.703031847598519,0.677736225494779
1403636605190262156,4.658942703646483,-1.703064324838022,0.677734744092778
1403636605287141551,4.659881522147501,-1.703385570081324,0.677604375730497
1403636605337200566,4.658952289522011,-1.703037141076897,0.677732755397335
1403636605388807009,4.658954118989096,-1.703040594207589,0.677750273306255
1403636605435983238,4.658939563560858,-1.703057392346421,0.677702594526916
1403636605502731616,4.658966603759573,-1.703022776104037,0.677784109608149
1403636605546857993,4.659878171120369,-1.703371041761985,0.677555297778512
1403636605590652288,4.658947206128253,-1.703030948252005,0.677691127718047
1403636605696631398,4.658952266421608,-1.703060652660632,0.677781322358069
1403636605748731961,4.658953314698428,-1.70305653135806,0.677778725787399
1403636605790468983,4.658953236136529,-1.703042910150257,0.677750067745211
1403636605840604785,4.658908438127778,-1.703126115251029,0.677668581165774
1403636605890350661,4.658959662524888,-1.703029168998949,0.677758019869553
1403636605939140881,4.659864097604395,-1.703417529684867,0.677571841940486
1403636605996841211,4.658926156839782,-1.703103761429986,0.67772267182531
1403636606089035090,4.658938964759505,-1.703090545546124,0.677767868746775
1403636606137849522,4.658934055955999,-1.703070088037866,0.677697683884955
1403636606188509462,4.658934011610399,-1.703077605464253,0.677713002185845
1403636606253638702,4.659857918334682,-1.703421990938997,0.677546070857302
1403636606297519923,4.658949184996279,-1.703046815024093,0.677735201455092
1403636606341351900,4.658948470781741,-1.703061461163711,0.677761489912537
1403636606439836803,4.659866771050457,-1.703397162762939,0.677544806205937
1403636606504623703,4.658929834907735,-1.703087567072563,0.677709969749879
1403636606549365976,4.659869815431205,-1.70341222044212,0.677593242882327
1403636606593092864,4.658948242860109,-1.703052726012279,0.677742106018448
1403636606640574425,4.658949389374957,-1.703059627339773,0.677762896522939
1403636606699172649,4.659868258664596,-1.703397734483642,0.677554418907247
1403636606797371036,4.659878181270743,-1.703394145913893,0.677603208288108
1403636606841021441,4.659874752557779,-1.703392273844419,0.677579903211515
1403636606890476695,4.658953984364873,-1.703033391576099,0.677734592593726
1403636606936514902,4.658955709894071,-1.703014439921886,0.677705118439886
1403636607002170344,4.658956367923281,-1.703015161743047,0.677710341656689
1403636607047272285,4.659883404575692,-1.703352623429414,0.677546803850342
1403636607090110379,4.659876475169231,-1.703372461444251,0.677548629041404
1403636607188508131,4.65987702989578,-1.70340377369601,0.677616626144582
1403636607253595358,4.65986739750136,-1.703397121535613,0.677548270180349
1403636607297654162,4.659875060442985,-1.703387519871712,0.677571801336924
1403636607341445620,4.658960788751977,-1.703020876761563,0.677747226450839
1403636607389969647,4.658949550317271,-1.703056307085236,0.677756931385998
1403636607506251296,4.658930508081884,-1.703078666863932,0.677695350281028
1403636607589754490,4.658956851032923,-1.703037430730738,0.677759201253531
1403636607640031476,4.658939769238204,-1.703071413990888,0.677732800767418
1403636607696692260,4.658940421754179,-1.703059043812971,0.677710877253131
1403636607759591255,4.658944999821263,-1.703058843359367,0.677736401049614
1403636607804015480,4.658964288367092,-1.70300641954498,0.677737112494408
1403636607850581940,4.658936101700076,-1.703073637904227,0.677716626894112
1403636607895304214,4.658941422654626,-1.703061333357418,0.677721290185769
1403636607938254219,4.658948895736469,-1.703052096287007,0.677744500972016
1403636608003004960,4.658945557006995,-1.703062240511644,0.677746594282519
1403636608048002217,4.658952073431557,-1.703043938284305,0.677745609211949
1403636608092002425,4.65986369131952,-1.703407652905852,0.677549083424386
1403636608186933588,4.658967946670299,-1.702996012633284,0.677736286634751
1403636608254912515,4.658950683938038,-1.70303116977402,0.677711290989657
1403636608297101866,4.658934032899123,-1.703080154899811,0.677718403094602
1403636608341329756,4.658941923941455,-1.703061462217707,0.677724397323944
1403636608389115289,4.659869704789108,-1.703400464592288,0.677568267041106
1403636608440257105,4.65985954754149,-1.703418137149727,0.677547319869108
1403636608506136742,4.658945722144217,-1.703045572216209,0.677713007145871
1403636608593866751,4.658944279154513,-1.703071407604292,0.677758341047416
1403636608639976680,4.659889818644885,-1.703358408990705,0.677595128738454
1403636608689133451,4.658947836655803,-1.703039494353104,0.67771239973828
1403636608755350121,4.658938476800992,-1.703083640264651,0.677750801121347
1403636608800064384,4.658952732229675,-1.703052176032992,0.67776640429105
1403636608843836819,4.659869225666353,-1.703391335021728,0.677546643692338
1403636608940097608,4.659853045067677,-1.703435675301453,0.677546802350205
1403636609006360807,4.658937109823067,-1.703089520809248,0.67775523582241
1403636609050283977,4.65895515332638,-1.703042602973907,0.677760294606717
1403636609094317517,4.659865089648993,-1.703403322514114,0.677548037296676
1403636609139329047,4.658945396316327,-1.70305597512143,0.677732706948347
1403636609189132386,4.658957105866622,-1.703036435443059,0.677758583729605
1403636609298021442,4.658944199613317,-1.703051655403105,0.677716979713249
1403636609341880670,4.659869116363621,-1.703387898302693,0.677538906606607
1403636609388033356,4.658948459374584,-1.703058313831561,0.677754906383836
1403636609439783781,4.658953236356636,-1.703046587832589,0.677757686263277
1403636609491256898,4.658938712637388,-1.703060106108686,0.677703393869937
1403636609539755003,4.659864192593734,-1.703407249593598,0.677551088249427
1403636609590175097,4.659876326362121,-1.70339137226396,0.677586953167247
1403636609696353509,4.658951974377554,-1.703051121053879,0.677759925023251
1403636609747767936,4.659870730032112,-1.70339790701208,0.677568778840874
1403636609790003979,4.658966387997406,-1.703033809038382,0.677805739503885
1403636609840136197,4.658962295563135,-1.703037593119368,0.677790387912323
1403636609889538558,4.65895466814659,-1.703053975344699,0.67778110060783
1403636609936193850,4.659852400949301,-1.703447459547639,0.677567560408385
1403636610002533622,4.658951263377499,-1.703086095870684,0.677828341127673
1403636610046497337,4.659864230331571,-1.703404464966549,0.677545534723291
1403636610091571546,4.659884092965881,-1.703396063591722,0.677640678193541
1403636610139257206,4.658944216649157,-1.703075971183555,0.677767439298141
1403636610188596066,4.659858945903229,-1.703435672089313,0.677580229409607
1403636610277001797,4.658925163816599,-1.703156196661791,0.677825657864152
1403636610352972913,4.658931952020128,-1.703128496732224,0.677806743355917
1403636610396778229,4.65892459989462,-1.703162921257079,0.677836392650369
1403636610441595462,4.659821150788774,-1.703506571140169,0.67751293705738
1403636610491981024,4.659809420914849,-1.703520002556864,0.677474300859287
1403636610537728301,4.658945580505542,-1.703033946827365,0.677688127605832
1403636610589681309,4.658957062725422,-1.702994031744305,0.677670517841356
1403636610640026417,4.658938427225863,-1.703052418333972,0.677685854814454
1403636610758061266,4.658883610151148,-1.703129770354124,0.677535499493196
1403636610792868279,4.65895599910065,-1.703037573298382,0.677754669350844
1403636610840186637,4.658902350759503,-1.703123132229458,0.677627916079983
1403636610890662794,4.659757806053994,-1.703586131624416,0.677318867526573
1403636610939989290,4.658853223830731,-1.703212662435764,0.677535029610639
1403636611049350752,4.659813646188297,-1.703429777214369,0.677311394514339
1403636611093284954,4.659867883985241,-1.703346549206614,0.677446292746777
1403636611137707004,4.659806103835501,-1.70345549829443,0.677321931343336
1403636611190130261,4.659768787926195,-1.703530179120939,0.677265208733293
1403636611254202719,4.65982103021151,-1.703447683385551,0.677390298635882
1403636611298152850,4.659790761194848,-1.703479453121698,0.677284630341599
1403636611342052045,4.659817094909894,-1.703421834817314,0.677314483328491
1403636611440394579,4.659844913781787,-1.703358049794606,0.677339986205201
1403636611505942400,4.658857522167574,-1.703185306577163,0.677502728322372
1403636611549976425,4.659751324154242,-1.703563631221057,0.677235564453908
1403636611594847900,4.659817593769288,-1.703428151602371,0.677330388456791
1403636611639893945,4.659984966154721,-1.702860641646094,0.677103581365335
1403636611690105987,4.659978716070488,-1.7028447822791,0.677035371999024
1403636611788945875,4.659932844267904,-1.702948884644886,0.676991039497416
1403636611838235256,4.659949470851289,-1.70292789032132,0.677041741543818
1403636611890734208,4.659956056939855,-1.702921255092919,0.677065305179663
1403636611938100444,4.659944202796712,-1.702920683397555,0.67699699956565
1403636612002920452,4.659958039717974,-1.702889235963356,0.677010277156903
1403636612047705058,4.660006119059695,-1.702806543474772,0.67711142233336
1403636612091454901,4.659961645385045,-1.702904681616184,0.677062654586408
1403636612190209152,4.659919102240946,-1.702963799048108,0.676944093186648
1403636612256040766,4.659044004998237,-1.702522868302133,0.677187624143935
1403636612298762386,4.658992646496281,-1.702633340903339,0.67712541050999
1403636612344137186,4.658963825807263,-1.702691353704079,0.677082271616168
1403636612388167425,4.659939567531137,-1.702907289326667,0.676943041485936
1403636612438157444,4.659083870958724,-1.70244240543305,0.677246876151038
1403636612547970691,4.659965961877073,-1.702868740663508,0.67701272670433
1403636612592437660,4.659957196736926,-1.702851050356592,0.67692649721782
1403636612640149232,4.659957790880992,-1.702890946963022,0.67701240850876
1403636612688764271,4.659967635515522,-1.702848397669789,0.676980111778141
1403636612754242675,4.659952776704363,-1.702897381282553,0.676997330775325
1403636612797971341,4.659979379942448,-1.70282015368774,0.676988172269631
1403636612890660713,4.659050954714028,-1.70251526760749,0.67721124927525
1403636612940234816,4.659980593205048,-1.702848020606929,0.677052701985074
1403636613006123804,4.659034330921332,-1.70255228255577,0.677193709368971
1403636613049992250,4.6599827335218,-1.702842498236506,0.677053394734203
1403636613093747636,4.660004265456755,-1.702796632867984,0.677080417926565
1403636613189558582,4.659986033668776,-1.702845440452366,0.677078170484992
1403636613255340624,4.659051752813405,-1.702560410476337,0.677309185474
1403636613299140832,4.659066975118907,-1.702507893672346,0.677286710668823
1403636613343119832,4.659042897937177,-1.702583334660453,0.67730648066976
1403636613387875321,4.659067627869011,-1.702487002368901,0.67724717627072
1403636613439205688,4.659094077161781,-1.702451499073158,0.677323492235325
1403636613504775138,4.659070971656112,-1.702509769644276,0.677313225861202
1403636613592685620,4.659064100089176,-1.702498965377926,0.677251953890841
1403636613640178219,4.659052012005101,-1.702549589046221,0.677288258643086
1403636613696739855,4.660000709061001,-1.702831745236875,0.677132936426202
1403636613761658390,4.659082684559897,-1.702477656593882,0.677313103155923
1403636613805621971,4.659988558918857,-1.702861169858754,0.677125020242097
1403636613848997390,4.65999126429534,-1.702865469795854,0.677149239680318
1403636613893818989,4.66001875660156,-1.702811735305068,0.677193736437721
1403636613940195927,4.659077208767885,-1.702506356083215,0.677341484491515
1403636614005863509,4.659063598175,-1.70251699508594,0.677286421220837
1403636614088222743,4.65908380499322,-1.702472241941367,0.677308243329903
1403636614137531191,4.660003872371247,-1.702841753681301,0.677171563074195
1403636614253329044,4.659064538094367,-1.702518286174332,0.67729441585228
1403636614297079987,4.659087313127849,-1.702486111351274,0.67735681358565
1403636614342112681,4.659061904412886,-1.702524719628598,0.677292814555329
1403636614389802614,4.659063427427789,-1.702515363061433,0.677282076976613
1403636614439175425,4.659077095001448,-1.702485309894672,0.677297286081084
1403636614504831698,4.660012499600596,-1.70281058830252,0.677155926558833
1403636614589645171,4.659071007371565,-1.702508806373753,0.67731143468394
1403636614637258197,4.659053844388637,-1.702533924210105,0.677266218526115
1403636614688591463,4.659069125699876,-1.702522333327075,0.677328771974007
1403636614753419209,4.659079671930767,-1.702484167038721,0.67730951469995
1403636614796850033,4.659085452941483,-1.702484733338999,0.677343426554957
1403636614842439486,4.659053821166122,-1.702527857737638,0.677253533384676
1403636614937517134,4.659067957600432,-1.702528100416657,0.677334091698065
1403636615003856128,4.659063381155357,-1.702505964739194,0.677262366488664
1403636615047306917,4.659074756480695,-1.702499743371726,0.67731391141773
1403636615091251867,4.659076771561002,-1.702486547433571,0.677298015336286
1403636615140231369,4.65905767040864,-1.702523602759487,0.677266526128138
1403636615255624926,4.659052360762732,-1.702527423666287,0.677244365201782
1403636615299160494,4.659068449188246,-1.702497829265916,0.677274231428623
1403636615343517447,4.660024335178869,-1.702784350147998,0.677168657833458
1403636615389504594,4.659046939232105,-1.702527490829115,0.677213803973801
1403636615439928720,4.659076921594409,-1.702505142198868,0.677337345948788
1403636615505042952,4.659049584845421,-1.702548192941666,0.67727162451987
1403636615593364495,4.659070875146502,-1.702508743766078,0.677310556298956
1403636615639605161,4.659070872862228,-1.70250215903542,0.677296916748384
1403636615698822365,4.659072333590542,-1.702494768569135,0.67728989525064
1403636615747073062,4.659062663756762,-1.702530389166567,0.677308847638567
1403636615789863391,4.659051631366896,-1.702546047750524,0.67727877462785
1403636615839824395,4.659054539626037,-1.702529949550193,0.677261930583395
1403636615938402065,4.659984974741955,-1.702861789095817,0.677106004478769
1403636616004589512,4.659049825246085,-1.702544712222321,0.67726578293052
1403636616048216307,4.659082610136614,-1.702475415127393,0.677308043169236
1403636616092789406,4.659037305880223,-1.702579349149524,0.677266564772175
1403636616142250637,4.659083116855333,-1.702474303843409,0.677308613142785
1403636616191296640,4.659060753892264,-1.702529099189343,0.677295362219695
1403636616289009310,4.659066924707101,-1.702497573891574,0.677265069919291
1403636616337639440,4.659075858469318,-1.702488893716134,0.677297699733408
1403636616388906771,4.659057721711529,-1.702552695134499,0.677327021833174
1403636616439336607,4.659056256967436,-1.702523598081022,0.677258512292571
1403636616505373767,4.659055746069265,-1.702536260710301,0.677281822793629
1403636616550711275,4.659067164870477,-1.702509809617007,0.677291750091403
1403636616640222755,4.659065862064737,-1.702522603780179,0.677310848755783
1403636616691977644,4.659067739623034,-1.702506326178687,0.677287796356533
1403636616746921614,4.65907263734336,-1.702515223486558,0.677333945829109
1403636616790911061,4.65907040482132,-1.702493357294439,0.67727605211245
1403636616837801729,4.65906322178873,-1.70251792360074,0.677286211190023
1403636616889090010,4.659072340035593,-1.702483713719115,0.677267055472741
1403636617003605654,4.65907786041485,-1.702471259922935,0.677272546414902
1403636617048598882,4.659046986213792,-1.702560213759015,0.677281784632554
1403636617092943103,4.65906758585581,-1.702505939588494,0.677286125558744
1403636617139118708,4.659075807590146,-1.702485287211083,0.677289948372694
1403636617188572147,4.659978334914832,-1.702898984335436,0.677145375793248
1403636617300114957,4.660009685392782,-1.702803010962378,0.677124308729165
1403636617344051374,4.659977958758479,-1.702882562640828,0.677109261702768
1403636617391283974,4.659072250896639,-1.702484416360514,0.677268004666687
1403636617439606203,4.659059003819567,-1.702539358722675,0.677306682926376
1403636617505807158,4.659079356325108,-1.702462427733737,0.67726274132628
1403636617587721500,4.659075072026457,-1.702491331853388,0.677298291453142
1403636617688593744,4.659072179166278,-1.702487378386069,0.677273727838578
1403636617754849713,4.659090242339466,-1.702452944903574,0.677304766536901
1403636617798746226,4.659074999288072,-1.70249753147074,0.677310709101061
1403636617842603563,4.659069007153673,-1.702502142842025,0.677286317542829
1403636617887580227,4.659067110849484,-1.70250877281702,0.677289298614213
1403636617939368652,4.659078083927573,-1.70248029374579,0.677292506200232
1403636618037056883,4.659996288475677,-1.70284820551104,0.67714196504022
1403636618091194308,4.659076021314858,-1.702476402924499,0.677272774093756
1403636618140573433,4.659078486379453,-1.702479551167605,0.677293248665806
1403636618191126946,4.659068857436412,-1.70250278631032,0.67728680126435
1403636618255147643,4.6599940504672,-1.702856588726187,0.677146639344403
1403636618299432482,4.659991202792786,-1.702842566344006,0.677101494954856
1403636618390052297,4.659070507465676,-1.702504191575202,0.677299053610722
1403636618439694147,4.659076736330218,-1.702493018711524,0.677311207540672
1403636618505787151,4.659068984652597,-1.702514380044034,0.677311513996043
1403636618587590498,4.659075016669715,-1.70248595630469,0.677286853920958
1403636618639462787,4.65906848921688,-1.702496385760712,0.677271471008804
1403636618741882761,4.659066406492355,-1.702511942194819,0.677291868484305
1403636618790008118,4.659073816151336,-1.702500687909825,0.677310540765769
1403636618840243222,4.660000302563588,-1.70283241268817,0.677132015594678
1403636618889444350,4.659071220511915,-1.702504229322947,0.677303169826512
1403636618937544984,4.659079174415666,-1.702484546871718,0.677307483189552
1403636619003172606,4.659078056543224,-1.702492097949717,0.677316778796989
1403636619046820375,4.659996174005319,-1.702840405733762,0.67712517584104
1403636619138565945,4.659066450135327,-1.702511805527345,0.677291832818495
1403636619188809405,4.659073016695568,-1.702493142704721,0.677290399210253
1403636619255417914,4.65908181432692,-1.7024691646249,0.677290601732433
1403636619298864370,4.659076203237281,-1.702491825669572,0.677305719608149
1403636619342604805,4.659991651477374,-1.702856963105784,0.677133828189457
1403636619389895303,4.65999805602852,-1.702846074201562,0.677147564454315
1403636619504465337,4.659070122611162,-1.70250688601163,0.677302450034025
1403636619547941864,4.659056299802404,-1.702537589168301,0.677287707737817
1403636619591773230,4.659067885938899,-1.702515668485551,0.677307958104019
1403636619638719945,4.659075538450525,-1.702496722587415,0.677312088577355
1403636619696245569,4.659057206950458,-1.702533664384844,0.677284722939371
1403636619759315224,4.659063298955061,-1.70252477955958,0.677300836048503
1403636619802118402,4.659083345873328,-1.70247782678528,0.677317200555705
1403636619845949450,4.659074208759993,-1.702499603181288,0.677310519423875
1403636619891161363,4.659069957285644,-1.702499973058942,0.677287208101616
1403636619938985213,4.659079782556606,-1.702485396683507,0.677312685852399
1403636620005168819,4.659070567094261,-1.702500490414025,0.67729173210666
1403636620049524272,4.659065801999915,-1.702504819804415,0.677273706310877
1403636620140109411,4.660005399521421,-1.702832913526962,0.677161917334373
1403636620189736839,4.659993051978074,-1.702839037091842,0.677104663565661
1403636620256532288,4.659074853509565,-1.702496662064857,0.677308084349113
1403636620301542558,4.659068161803306,-1.702483625826516,0.677243212896819
1403636620345466964,4.659066953601186,-1.702517098809194,0.677305638066547
1403636620391584299,4.659068035093149,-1.702501230727449,0.677278925227054
1403636620506250775,4.659069796465185,-1.702488408199444,0.677262365754713
1403636620550987375,4.659063713509033,-1.702516643747401,0.677286347305313
1403636620594391742,4.659065507323281,-1.702505213061283,0.677272851351956
1403636620641327743,4.659072962541437,-1.702492997421073,0.677289791883716
1403636620690369594,4.659065614407131,-1.702511889757954,0.677287274328237
1403636620744507787,4.659075975458668,-1.702494708030418,0.677310394469248
1403636620790087769,4.659075943060164,-1.702495010999717,0.677310837962749
1403636620890056872,4.659068872457399,-1.702503166162426,0.67728767238825
1403636620939144733,4.659066709920369,-1.702510095587474,0.677289765454578
1403636621005627039,4.659068008226331,-1.702494117074616,0.677264052545867
1403636621048923609,4.660004163067328,-1.702829737744577,0.677148342809121
1403636621093084591,4.659063748606067,-1.702518467473689,0.677290320085471
1403636621137841139,4.659065588319417,-1.702510838305859,0.67728495072854
1403636621255104483,4.65907977527305,-1.702496077498743,0.677334748108131
1403636621300047287,4.659083935580678,-1.70248505659214,0.677335502030719
1403636621342902617,4.659081327343682,-1.70249119765201,0.677333439328604
1403636621391464222,4.659072862637654,-1.702503741832125,0.677311460701471
1403636621439779473,4.659074375059949,-1.702498766242429,0.677309729229014
1403636621505293257,4.65907726739353,-1.702492823283359,0.67731381066101
1403636621591376684,4.659067658409763,-1.702518223714759,0.677311957489561
1403636621639113788,4.659074586980612,-1.702498686347067,0.677310764047166
1403636621695599745,4.659071943875744,-1.702506961241997,0.677312919926847
1403636621748540081,4.659073475115243,-1.702501721674579,0.677310748710407
1403636621791496914,4.659071744104963,-1.70250212717253,0.677301784793963
1403636621837740539,4.65907095855506,-1.702509027079607,0.67731161496415
1403636621888125360,4.65907765664713,-1.702490285844106,0.677310764047166
1403636622004161663,4.659077273362748,-1.702492191977961,0.677312538021227
1403636622046794876,4.659071222767208,-1.702519380795122,0.677334538145971
1403636622093926591,4.659071147537695,-1.702510040305712,0.677314782045953
1403636622139731906,4.659068618912164,-1.702520871645394,0.677322876913266
1403636622191196397,4.659078085578348,-1.702489183455597,0.677310911878334
1403636622241720059,4.659076472100094,-1.702499775326685,0.677323693605133
1403636622291784139,4.659070582338283,-1.702511233287348,0.677314050002597
1403636622388519307,4.659080141747601,-1.702495503199362,0.677335635095858
1403636622438089829,4.659084114772059,-1.702473586630567,0.677312780389003
1403636622503695160,4.659076299687258,-1.702505588815924,0.677334748108131
1403636622548652300,4.659080484524731,-1.702481796902641,0.677309211819949
1403636622593493671,4.659079978247606,-1.702494623156851,0.677332887889425
1403636622639577477,4.659085501273728,-1.702479318913168,0.677332495214886
1403636622755828387,4.659077124687305,-1.702491003072508,0.677309235682737
1403636622799500882,4.659082560063838,-1.702481252339026,0.677319839229873
1403636622843810517,4.659084927727796,-1.702481793336265,0.67733436773688
1403636622889752072,4.659090699901817,-1.702466746938755,0.677335919965398
1403636622938059738,4.659087733891655,-1.702475185364162,0.67733658520622
1403636623003620251,4.65908068719001,-1.702493328482199,0.677334223602405
1403636623092061295,4.659100448661524,-1.702447242481348,0.677350768116504
1403636623139297306,4.659111438925473,-1.70242895030992,0.677375157437833
1403636623191884795,4.659122627871845,-1.702398183633533,0.677374857182898
1403636623257861295,4.659138929631025,-1.702368006408807,0.677404736322596
1403636623301455472,4.659141274514612,-1.702370465049538,0.677423106058455
1403636623344927022,4.659143912191185,-1.702356729296548,0.677409619333595
1403636623438125261,4.659150528695076,-1.702338745198915,0.67740987715123
1403636623503906093,4.659159982833291,-1.702324895851294,0.677434764962425
1403636623576943164,4.659163950123454,-1.702302108209868,0.677410077312578
1403636623621940231,4.659158997433688,-1.702315897953065,0.677410562394678
1403636623683747201,4.659154662504776,-1.70234400366565,0.67744417419123
1403636623753476224,4.659161541948038,-1.702330731589052,0.677455673652608
1403636623796178942,4.659154726367012,-1.702358729799998,0.677475013594372
1403636623839894905,4.659150886725688,-1.702362506294879,0.677461080342474
1403636623888075911,4.659171877940304,-1.702325869148939,0.677504158462679
1403636623937448404,4.659169107619615,-1.702343593000689,0.677525149195624
1403636624003376885,4.659174436829905,-1.70234416800071,0.677556529004319
1403636624047457077,4.659162822107327,-1.702380699763137,0.677566347812912
1403636624140661286,4.659174229218363,-1.70236518647021,0.677598859651751
1403636624192132305,4.659165804969743,-1.70239801697438,0.677619093428741
1403636624258421322,4.659174944465327,-1.702416479900413,0.677709098072659
1403636624338173598,4.659147450556199,-1.702575168068893,0.677881886841478
1403636624390147253,4.659171287498917,-1.702548517535783,0.677961789316615
1403636624507273316,4.659346554796354,-1.699544095180227,0.678854759140514
1403636624551415800,4.659016925581218,-1.700835611742289,0.679658935694365
1403636624595314404,4.660483648789677,-1.699910154534607,0.679943307271416
1403636624640318483,4.662359491135477,-1.69800648273655,0.68053022449938
1403636624691406805,4.664343974669729,-1.695856541293206,0.681233837152922
1403636624758330918,4.667470755404361,-1.693358656776056,0.681592912222504
1403636624839778009,4.672681622252743,-1.691140360252013,0.682136136657648
1403636624888996222,4.676083519318765,-1.687689722626148,0.682133455555145
1403636624940635028,4.681490524462531,-1.684162773132473,0.681145190414842
1403636625005731266,4.69327998801013,-1.675937713776492,0.682457386955611
1403636625090593679,4.707199045827411,-1.667736610857914,0.690100915888157
1403636625191942202,4.717027305275349,-1.664622817882748,0.69715078802435
1403636625258520766,4.729274557722346,-1.657818977805343,0.717496760484447
1403636625302060818,4.734677279929081,-1.654777936234297,0.730879256157748
1403636625345618843,4.739963127260865,-1.652313210696466,0.745071499160808
1403636625390494562,4.742955370645394,-1.650207049195243,0.759393877846991
1403636625440846097,4.747404543178429,-1.649483489173755,0.772697133056164
1403636625550089489,4.749322198006301,-1.648494478431746,0.783048319128593
1403636625595189262,4.751173479774567,-1.648206958663659,0.787583779401265
1403636625641330141,4.751367167417614,-1.647779293800271,0.78788629908545
1403636625697662557,4.748412141797429,-1.646953898238401,0.780566408034515
1403636625751715474,4.747609386514123,-1.647564461037203,0.776676988394529
1403636625796588022,4.74327440242917,-1.647538720542786,0.776244367947487
1403636625840453441,4.739308629161774,-1.648043640375184,0.779448572791787
1403636625891085272,4.734848179593417,-1.648849372355308,0.787167690595552
1403636626141965238,4.699025020025051,-1.646257746408273,0.835893786536294
1403636626230682922,4.688292760944673,-1.654147690457258,0.903965180678079
1403636626274574815,4.679090677348007,-1.657058860877039,0.950637563375948
1403636626325817309,4.672017726994072,-1.656818411344627,0.971870133909075
1403636626369730804,4.665743815936231,-1.656135283240793,0.990030050038648
1403636626457291840,4.655577644067998,-1.653813363972109,1.006838677740429
1403636626504613886,4.650868540129606,-1.652562935136424,1.01872973820379
1403636626548496805,4.646942137662194,-1.651005515824388,1.027024281129454
1403636626592393595,4.643896958508594,-1.648927120335396,1.031770082898713
1403636626637394925,4.640947430869606,-1.646082016030115,1.03479660126246
1403636626689044999,4.638999610063917,-1.643119078952205,1.036785825655569
1403636626755157654,4.638258449449676,-1.639516205984762,1.037937852744084
1403636626842201014,4.636635754074461,-1.635192881473998,1.038403648698935
1403636626890719929,4.637007875440904,-1.630971539571977,1.037904261312089
1403636626942359052,4.638461842002781,-1.626390705894736,1.036353918014455
1403636627006453924,4.643136851062028,-1.617467669253035,1.030666414300549
1403636627050372246,4.646409251248767,-1.612852116810886,1.026137757709669
1403636627094187057,4.649553447651321,-1.608487615445885,1.021308609671837
1403636627189945053,4.655489039418892,-1.604945772797144,1.015486842478092
1403636627257257527,4.663463996553689,-1.596986500500858,1.004687746707949
1403636627337990121,4.672037960803364,-1.589588341782747,1.001649565200242
1403636627388738800,4.676544188525546,-1.586427381032236,1.00398007741625
1403636627441588914,4.681322628726401,-1.583253911624678,1.008912614162876
1403636627573799607,4.695315011265158,-1.578318611186973,1.025666198364796
1403636627619067427,4.70248736180941,-1.570772990593302,1.051381260249417
1403636627718569649,4.707958463623979,-1.567310800547685,1.063518545424856
1403636627763288790,4.712257147398065,-1.563316998144654,1.072854352805186
1403636627805832356,4.717166076199539,-1.559325128156956,1.077461956280964
1403636627850604838,4.721767091231645,-1.555161344419491,1.078094834179608
1403636627894492537,4.725103856087279,-1.550804188140299,1.075764255246039
1403636627940966929,4.729411672563586,-1.546002379561427,1.070961378289729
1403636628006091364,4.732594406374466,-1.541320410153015,1.06595546114682
1403636628088343378,4.7380901747346,-1.531165824283614,1.055554235428661
1403636628188792580,4.736774203329511,-1.524878728324874,1.053650202956118
1403636628254757276,4.735497669095622,-1.513415857087084,1.05704358130492
1403636628299718247,4.733622418763251,-1.507608786026079,1.062282001437442
1403636628343336326,4.732850734011047,-1.502085417165122,1.069173345533474
1403636628388474934,4.731301659975043,-1.496204629006629,1.078043892108076
1403636628438029543,4.727195696001462,-1.488839031489399,1.088665581999555
1403636628547996254,4.718511237709147,-1.479622473490786,1.100784493976096
1403636628592002054,4.715554497560685,-1.472119092374168,1.112809209153832
1403636628640463910,4.712811126307263,-1.463760759619531,1.124640380132292
1403636628690072204,4.709123892290712,-1.446306572848077,1.142866218704485
1403636628755546114,4.707393210116202,-1.436491675012256,1.149616075404319
1403636628799252971,4.706685057778273,-1.426273609604578,1.154703299075817
1403636628890769795,4.703272342226133,-1.414303564615705,1.158867529152296
1403636628939182597,4.70363552817201,-1.403130989345328,1.161026981085483
1403636629004310793,4.703487785731864,-1.378920299808927,1.16115764228285
1403636629048366661,4.7032121834449,-1.365423240568455,1.160651159185757
1403636629093408178,4.704028401099778,-1.351907658983625,1.161238436421572
1403636629139610841,4.704066048725253,-1.337856488920695,1.163895932199978
1403636629188123482,4.702895083914696,-1.324621586418703,1.168003300321458
1403636629297845388,4.698360369321016,-1.308952058522685,1.174343598305734
1403636629341753217,4.696717093166328,-1.294224959071445,1.181871650350708
1403636629388995315,4.695083892594062,-1.279063912463975,1.188539408375557
1403636629437562028,4.690326329841608,-1.248858537844658,1.197668955099811
1403636629503633095,4.687372707140693,-1.233235637191311,1.200260132770821
1403636629591928025,4.678653535159715,-1.215498492526618,1.20192382013604
1403636629637716074,4.674584102019114,-1.19909723856631,1.201525483043143
1403636629690382733,4.672501288577981,-1.182397701944641,1.199435890489344
1403636629756400783,4.665432092889374,-1.146178968229108,1.190100491202142
1403636629838797081,4.657926472416734,-1.108935533414262,1.174726758923079
1403636629889515822,4.653730999702933,-1.088963413631064,1.1652716200036
1403636630003803743,4.636264423825248,-1.046348645206085,1.144516347261579
1403636630047434039,4.631254754860255,-1.022632357883284,1.131009602700598
1403636630091608892,4.626137420794493,-0.999231187723844,1.118827352075674
1403636630139782919,4.619182204135742,-0.974996775638244,1.108719036235988
1403636630191268441,4.613132015396946,-0.95167462830046,1.100940748899574
1403636630257338218,4.605533146605362,-0.926126987030523,1.095074734603393
1403636630338042699,4.584099449794346,-0.89900536064537,1.092668748323831
1403636630388830580,4.576732247232749,-0.872919039332138,1.091056483451495
1403636630439596491,4.567257939672798,-0.847334267917329,1.09120341382879
1403636630504541008,4.550910829266159,-0.793215064154409,1.096087218105845
1403636630549259958,4.542812682888879,-0.765596499941683,1.100698164750691
1403636630591794494,4.533515931269624,-0.738907923592175,1.106688410305082
1403636630637615608,4.522427547379668,-0.710990655782466,1.114880769079574
1403636630755903137,4.492881119129559,-0.656100646097888,1.135444582506957
1403636630799551484,4.484140734855335,-0.63043406045725,1.144868709075928
1403636630843430961,4.475344539998519,-0.60350872230313,1.153266735646043
1403636630890846937,4.465084329382496,-0.57802874543351,1.160237088321988
1403636630939340735,4.455678926893272,-0.551800395583168,1.165710005134491
1403636631049698850,4.432021152083208,-0.524936549240898,1.170532174879914
1403636631093877235,4.421072277411295,-0.498994666160098,1.172992574955115
1403636631141347734,4.410760062267922,-0.474169930154025,1.173892272825807
1403636631189861170,4.386637770779896,-0.422685161208249,1.172005957103628
1403636631256216999,4.375684227167071,-0.398246303077227,1.170013165755532
1403636631298938709,4.364538833646299,-0.373483683384382,1.166799283332936
1403636631391620494,4.339393815214095,-0.347109456570244,1.164760929482291
1403636631437851424,4.32789263789825,-0.323716381401264,1.161754442567415
1403636631503906224,4.303575666075873,-0.274329713058426,1.15432142925714
1403636631548295083,4.292577646121704,-0.249368866673075,1.148685546634499
1403636631593124460,4.280273609550962,-0.225334217918975,1.141793320646056
1403636631638562028,4.268686642924781,-0.201339942576669,1.133227802530544
1403636631688930088,4.256852385793093,-0.177528250230071,1.12364865840215
1403636631754476559,4.23388819979508,-0.153140357039159,1.11468701775838
1403636631798346769,4.221797214634549,-0.130337430402118,1.106031255799172
1403636631842949044,4.209687680588008,-0.106773074224317,1.098463363123422
1403636631889218094,4.198569887464788,-0.084281241486536,1.092486736455385
1403636631940953328,4.186488569145775,-0.062053241396119,1.088289016111606
1403636632006464500,4.174410153447883,-0.039319285653019,1.085309107166375
1403636632090496993,4.15038116686412,-0.01794483005153,1.084745843571777
1403636632140015036,4.138262344171426,0.001725102865706,1.083779791834955
1403636632189558483,4.126073882445969,0.023461404683076,1.083172750439938
1403636632256021271,4.101556033582106,0.06315482725595,1.083416416995196
1403636632299618071,4.089249175623085,0.081148882947968,1.084144288489716
1403636632343550251,4.0758462697525,0.100054048759104,1.085000514966859
1403636632440979184,4.049405282786047,0.117465199380069,1.086662929005819
1403636632506194185,4.021809563112301,0.151046940934656,1.08348589198718
1403636632545552142,4.008725045272715,0.166058791747396,1.079482456685367
1403636632593444286,3.994401386835595,0.180971436116463,1.073884714170396
1403636632638980766,3.980789022111678,0.196734933121176,1.066621232038976
1403636632698771099,3.965954495371267,0.212285061981908,1.058102542135314
1403636632756133750,3.951848456519272,0.228318615196395,1.048188682068262
1403636632847645293,3.909419371208134,0.258157180784525,1.029032322499829
1403636632891415239,3.893944606227137,0.274474938038424,1.018914985133065
1403636632939499058,3.878416939887325,0.291711387450472,1.00981965902412
1403636633005629863,3.862211038816342,0.307942815152058,1.003594522422155
1403636633049671141,3.844909118429326,0.32615169867309,0.998741685936134
1403636633093575959,3.827772179436591,0.344336046479564,0.995972755135499
1403636633192603903,3.794889840803863,0.361700838791469,0.996937134525698
1403636633256723711,3.760893010034437,0.398998451458398,0.998241040420943
1403636633300753670,3.742633316783959,0.418109144793479,0.998672747871071
1403636633344819650,3.724073164603853,0.437131744475188,0.997679689414667
1403636633393138251,3.706425139143613,0.455340239299201,0.996076905178572
1403636633440279334,3.687240870091633,0.475665639165115,0.993510220227332
1403636633588402970,3.633768309005653,0.506910618289163,0.983464379169312
1403636633638831994,3.613028257185455,0.523991382164571,0.97672904590521
1403636633689113764,3.590522755243256,0.543182608178416,0.968021226878558
1403636633754544193,3.570113009831708,0.560827635210798,0.959187322642373
1403636633799117279,3.526092410649104,0.598626154190062,0.93990695166353
1403636633891020796,3.48656292591735,0.61445305718755,0.934734969055863
1403636633941720681,3.462669672639735,0.633333257234726,0.928921749254496
1403636634006962134,3.414714161593021,0.673801570417519,0.922543244519493
1403636634050770731,3.390827298288339,0.694475988472797,0.92205404401689
1403636634094485171,3.366439469334066,0.717178320744688,0.92226191962593
1403636634138455902,3.341085934687722,0.739457973861596,0.92364886564828
1403636634188635170,3.314433839870004,0.759254250757126,0.921563183858244
1403636634254865191,3.271172223146046,0.779922278511675,0.922235432488801
1403636634298826534,3.243407994329124,0.803783180234201,0.922050612217906
1403636634342557281,3.216948953775431,0.83092208108112,0.923725008831781
1403636634389223277,3.189958185094869,0.857923876796034,0.924120685235722
1403636634438721602,3.162929746526456,0.886187833462074,0.928168921797956
1403636634504771494,3.134973336652601,0.91347849925867,0.933451870434775
1403636634548118876,3.107433509833288,0.94148290593429,0.938424381674912
1403636634639192346,3.06552985762319,0.960893343644629,0.945316006200629
1403636634688543343,3.039734176312893,0.991039616328192,0.944355935688525
1403636634754366635,2.984467475695523,1.048560429432582,0.942087133341024
1403636634798186808,2.956827978952847,1.075800890340704,0.938680699249643
1403636634842310873,2.932026567546309,1.10330709583114,0.935853727960183
1403636634941319510,2.893332127216945,1.124425695712981,0.935066138993379
1403636635007209774,2.83668914100031,1.17818637668279,0.929678417850876
1403636635050488016,2.809324992032787,1.203970511722337,0.930049690940593
1403636635095490608,2.783713905762477,1.2280396372627,0.931941675151968
1403636635139201932,2.755863082790337,1.2521072594304,0.935649381311819
1403636635192171483,2.729953964362557,1.273770085439291,0.939860003356344
1403636635258328117,2.703819704316456,1.297242839476762,0.943389543087312
1403636635302220481,2.676342311036097,1.319893679938621,0.945844913901462
1403636635390153290,2.638320733057713,1.338013995877879,0.948778389230088
1403636635440026023,2.6131618192213,1.359818893910199,0.947673057443149
1403636635504314360,2.558934998034107,1.404844663977153,0.941593928243816
1403636635548457014,2.531038300759328,1.428344133087096,0.937821616491621
1403636635592951903,2.50287961041388,1.449950855601309,0.935369662520253
1403636635698096362,2.462772145877656,1.466468428408054,0.93677828374989
1403636635752023904,2.402780078693975,1.51297043737084,0.940044819729552
1403636635795108955,2.372745639596173,1.535097122072525,0.944395833042901
1403636635841227931,2.342874273986698,1.560417378572298,0.950273712715082
1403636635891717833,2.312609737700421,1.586099425306722,0.958156588156575
1403636636006216094,2.272123065061247,1.605666408931953,0.970621035182006
1403636636050034346,2.242355897051088,1.631566512693034,0.981739236339965
1403636636093790681,2.212512000988724,1.659156241650346,0.995587921846473
1403636636141050189,2.151829278806979,1.716407991209365,1.025513911249746
1403636636191661877,2.11989839141965,1.745222863453407,1.04000561456395
1403636636259004512,2.086972840437102,1.77548836539506,1.053827620642527
1403636636346414850,2.051839789475344,1.800779885654922,1.066934294951609
1403636636391249683,2.020330263777471,1.831667444796922,1.080423959159744
1403636636437227242,1.990177242000625,1.861670356701437,1.094901457245217
1403636636504244497,1.929825579396326,1.922218083493721,1.127774560178632
1403636636546959181,1.898153629808607,1.952686905383645,1.146105095693599
1403636636590933096,1.868959035080912,1.982095500803884,1.162341623514194
1403636636689109015,1.83765860197349,2.012339293637539,1.177919682135549
1403636636756283847,1.779810902771544,2.067320858172896,1.202188157616772
1403636636799413649,1.753472368187207,2.092296762540228,1.211291696995463
1403636636843436718,1.726669873226812,2.118049306500915,1.218599098343144
1403636636890280006,1.700895051279421,2.140773992710559,1.223872812871053
1403636636937988294,1.676130679323393,2.163151406663046,1.226939493664588
1403636637004028662,1.653305395248785,2.18202537808852,1.227882506243708
1403636637092724770,1.6289583922638,2.202609763796791,1.226659888611293
1403636637141474616,1.60677716917757,2.219803557106804,1.224397676664914
1403636637192621330,1.585667776139562,2.238167897694299,1.220691132598157
1403636637257773213,1.542185276904492,2.264628320790084,1.210431682614489
1403636637341061306,1.502478162022346,2.288150918083289,1.196450786500694
1403636637441072989,1.480938276965411,2.29872053425771,1.188695501425466
1403636637506043489,1.441554935196739,2.318526250068835,1.177422496139776
1403636637546605548,1.419700882702963,2.329152758927706,1.174108816822148
1403636637590271471,1.402009905816726,2.337377483993133,1.173261056334482
1403636637638348358,1.381678371781972,2.347228578621546,1.174070754789117
1403636637691923098,1.36087268031661,2.35625037223997,1.17687959460621
1403636637758234800,1.338411658199216,2.363914455597509,1.181435730216225
1403636637802734343,1.317687147521269,2.372893861322686,1.187599800881957
1403636637847243681,1.295850246713264,2.382516130229916,1.195822959949469
1403636637891376987,1.27518390360323,2.391395339714562,1.20520676937991
1403636637938316206,1.252000661508484,2.400514289700618,1.217155611039926
1403636638003158956,1.230508317015889,2.409703957195561,1.230134032607646
1403636638097641067,1.184364339339229,2.424640859372546,1.259653958046902
1403636638140491202,1.159886577373698,2.434313932390526,1.272181489799663
1403636638190606605,1.139065647897888,2.442540409095786,1.279030219579303
1403636638255961914,1.116968888076285,2.450816962553744,1.282362815332516
1403636638299908663,1.095251161567409,2.459445962861561,1.281742429828854
1403636638390849493,1.072908943773071,2.466829544614267,1.278858184943061
1403636638440414515,1.052783277317652,2.475147107336886,1.275101181811785
1403636638506242408,1.010232770698353,2.490593148668646,1.262800646275025
1403636638551532339,0.988461990111649,2.499631442370143,1.254906386574339
1403636638594369207,0.966757127991101,2.508311904983397,1.246156164071503
1403636638638890773,0.944049598440283,2.517003922570802,1.23628125152859
1403636638754726371,0.900075521190855,2.540606724314058,1.217211582417287
1403636638798653249,0.877307649959564,2.552066955137497,1.210568584548328
1403636638842468775,0.851787190697223,2.563340672578621,1.20585359338856
1403636638888640153,0.822344798302081,2.577802420968633,1.202243072744451
1403636638938247505,0.79850445809291,2.590720639096416,1.203724421246499
1403636639004299111,0.771771701917502,2.605396040620554,1.206293037607488
1403636639049319267,0.746977829743378,2.619179365439449,1.208896421971665
1403636639126787397,0.718813755286324,2.650630495484047,1.214887239427635
1403636639184349273,0.655834366903426,2.674885446691101,1.231926323228456
1403636639263655775,0.627079715847939,2.704084568435051,1.238554862789431
1403636639306878872,0.59802140625173,2.723389643311502,1.242638652958672
1403636639350203495,0.567497671537663,2.744327717205916,1.243235996230157
1403636639393605146,0.538199564813841,2.764247986996756,1.240033361320598
1403636639439872863,0.509558941261913,2.78539511155182,1.2335621402583
1403636639505969825,0.478236941303909,2.805371458002905,1.224690170970351
1403636639550462526,0.448250849543701,2.831534136049541,1.212967535347484
1403636639593043915,0.420518433211357,2.854938553546939,1.201606892981182
1403636639696968426,0.391001371636572,2.896065370345779,1.186306381062671
1403636639749609353,0.330788577985601,2.941923645135418,1.158186236682584
1403636639794562099,0.301901971957973,2.964594024171036,1.143885324698287
1403636639841570808,0.272646863633353,2.989005122998274,1.130034276032947
1403636639890847314,0.243114019966168,3.013258399513274,1.117675048069349
1403636639937949782,0.213526000924901,3.037397391236205,1.10715762081377
1403636640003743544,0.185395782303458,3.05936272959095,1.098730405896473
1403636640092014823,0.157096373321907,3.101098369459998,1.089201833595029
1403636640139520442,0.128882949789421,3.123899884477365,1.083846943189301
1403636640190869254,0.074307493085396,3.164364300035785,1.078849917317078
1403636640256393676,0.04750762143159,3.18405377000461,1.078886874722145
1403636640300637753,0.022038664077473,3.201726987814286,1.080771154710794
1403636640349136673,-0.003478055062433,3.227411877306899,1.083853462807079
1403636640392052747,-0.025634166165666,3.250007783685036,1.087887126578046
1403636640437831295,-0.049454174076445,3.267609741132048,1.093792898482723
1403636640547795577,-0.071953936892298,3.303785386249767,1.096326799293886
1403636640592006576,-0.094626886427988,3.321787474402771,1.099906234888213
1403636640639117430,-0.137988552282947,3.356779968740624,1.101778041075646
1403636640690369763,-0.157979084306626,3.373913025009515,1.100669464901065
1403636640756506322,-0.178415918991107,3.390756278953024,1.098232605081793
1403636640800385762,-0.197888296611556,3.406394217608044,1.094615228915053
1403636640891454445,-0.218059348110342,3.439643747430963,1.08759727486878
1403636640938596643,-0.236743192904739,3.455929708300094,1.082191886348081
1403636641005186676,-0.272513734529088,3.486461104115638,1.072441908803562
1403636641049897007,-0.29119076478594,3.499830102297153,1.070118620156742
1403636641093585101,-0.307151332128486,3.514562846668869,1.069437192830253
1403636641138374824,-0.324436679058385,3.529287316081399,1.070186514796605
1403636641188572026,-0.340661326846189,3.542038043881467,1.071112013358285
1403636641254926930,-0.358569249191729,3.56839763110767,1.0693114617328
1403636641298898820,-0.37471477085651,3.580724754166016,1.067724532480545
1403636641342809866,-0.390939459987085,3.592802440063779,1.064650935648856
1403636641390158355,-0.405878322194141,3.604811693001123,1.060331787964524
1403636641441952550,-0.421495321115513,3.617553256218411,1.054788781137966
1403636641506858817,-0.437106859737872,3.631031178492258,1.047470844783472
1403636641550764240,-0.451645221403723,3.642492372342063,1.039696561925588
1403636641594997479,-0.464595936577291,3.653062153648137,1.031760315232565
1403636641696473063,-0.480407218052827,3.678048007958939,1.020627040940599
1403636641762083369,-0.507264669329076,3.698844128279159,1.004998503991873
1403636641838229777,-0.531267218349704,3.719907384012409,0.997237828606288
1403636641893007099,-0.542476877522427,3.731403763326525,0.99620443414497
1403636641940703530,-0.554383210596965,3.742078560454459,0.99758910455976
1403636642097179508,-0.586898659756219,3.78653136422485,1.008503117013547
1403636642142107716,-0.596578087230176,3.796256219452536,1.016537668989434
1403636642191704494,-0.605514890802471,3.805191218938481,1.025793081134877
1403636642257542987,-0.61396892856999,3.814216741780184,1.035507077366758
1403636642301263103,-0.622325076582122,3.82514140788789,1.044267100646631
1403636642346299733,-0.6303728202145,3.835950964469021,1.051929723364877
1403636642389190660,-0.637562346697198,3.846632977644001,1.057510942334534
1403636642440473219,-0.644210737902887,3.85518223299056,1.061655095047348
1403636642505269727,-0.650134995205782,3.862610561727605,1.063946368168959
1403636642593272939,-0.657076793835352,3.879732680571333,1.063297022466612
1403636642639388955,-0.661698629270974,3.887978743298954,1.061927493717864
1403636642691153937,-0.670597443346942,3.902998838392003,1.054761232204043
1403636642757367641,-0.674510214083468,3.909896520814394,1.049544142618922
1403636642801325045,-0.678414293627242,3.919647764116562,1.042559579698509
1403636642847140339,-0.681649081934529,3.925302735190266,1.034600393810797
1403636642890274581,-0.685062854085287,3.931897147521413,1.026332987702559
1403636643003916077,-0.693678025125946,3.954144326231506,1.011508196973308
1403636643047842732,-0.697942627221447,3.962068533583472,1.007215981893235
1403636643091723288,-0.702544046539642,3.969211913456008,1.005378311026461
1403636643141186179,-0.707898069628041,3.978519708657232,1.005584342332873
1403636643193031637,-0.713287966066892,3.98705169864283,1.007875135344344
1403636643247639488,-0.718432668420422,3.99467860554001,1.010825091660774
1403636643291061168,-0.724145439490068,4.003072727818472,1.012572940733011
1403636643390105726,-0.731929550059929,4.021095606919437,1.012469289687517
1403636643439473128,-0.737765130273481,4.029156201582507,1.011745824228713
1403636643505535946,-0.750347841802672,4.046680100104531,1.006487256151469
1403636643548182382,-0.756865820691631,4.056442735590451,1.00407859614212
1403636643594359620,-0.763336827410425,4.066396468049804,1.003205010323303
1403636643639474598,-0.769973254687136,4.076527201281416,1.004081854998774
1403636643754162131,-0.778571319568406,4.095589610605065,1.005664659045866
1403636643823069402,-0.796592412729864,4.128292394150413,1.016605828475873
1403636643879903208,-0.813020021969,4.14175791111296,1.036788972131831
1403636643976939492,-0.826171391192618,4.165859684090114,1.046444312969952
1403636644020655048,-0.84879581772338,4.181861209877082,1.0660323253061
1403636644110096195,-0.865736567649699,4.20877038414875,1.072084959572859
1403636644152844255,-0.881459952110601,4.222521012771473,1.077931483929017
1403636644197892461,-0.898039241573156,4.236894339040154,1.082028228339034
1403636644254942230,-0.916301726931437,4.250739409259404,1.084929530166076
1403636644298605658,-0.936599997144939,4.26700372243751,1.086158183451143
1403636644343854996,-0.957468240802746,4.28192753258518,1.086153791837413
1403636644390059266,-0.977685877012843,4.296809751621282,1.08490006946827
1403636644506543554,-1.025581117846542,4.348787356465383,1.07611907462108
1403636644550256698,-1.047468717877275,4.363693645704736,1.070630922834791
1403636644593972615,-1.070328202276651,4.384248073850024,1.062691135364065
1403636644638846860,-1.093412313436803,4.405513868275138,1.052847804624586
1403636644691518316,-1.113964413265465,4.424115793101421,1.041912699517158
1403636644756585762,-1.134779749768119,4.44339270412405,1.028850263518692
1403636644845450740,-1.161633985099955,4.491730406515341,1.01157746283609
1403636644894095173,-1.180646414434671,4.515246632376433,0.996376820979825
1403636644942064079,-1.198653204917413,4.536678735579567,0.979417153928576
1403636645007616387,-1.232200987071009,4.580475074586027,0.940969271957067
1403636645052530509,-1.247839688045051,4.602891216580932,0.92023613673156
1403636645095717494,-1.262415114255916,4.625676032649225,0.900762180525031
1403636645192205722,-1.285211029770172,4.677006978286627,0.877590208638634
1403636645258466763,-1.31584262501737,4.723963786775721,0.846538691672037
1403636645297673026,-1.331398099036891,4.747282568949159,0.834566401216636
1403636645342625716,-1.349228843642147,4.771113587463001,0.823557938790394
1403636645390721839,-1.368681542571647,4.796825324321347,0.814495579794538
1403636645440083140,-1.387786350416414,4.818802023816185,0.808216324834185
1403636645506031476,-1.41002645952464,4.846323408993065,0.803194657265027
1403636645593241049,-1.441518940391395,4.899185163841558,0.79601483556154
1403636645639425657,-1.466313143562769,4.926107678182445,0.792675041331894
1403636645695500409,-1.492534986739909,4.952386000049967,0.788211822236573
1403636645762009386,-1.549408078303629,5.00295849285188,0.776310658733038
1403636645838898814,-1.610305262255501,5.053579172494904,0.76113329069638
1403636645940259354,-1.654086134133036,5.115262233431779,0.749699875774099
1403636646006505715,-1.722669081763508,5.168342301913565,0.743459043898774
1403636646189689027,-1.756997623854828,5.192066394516403,0.744213036748942
1403636646265544715,-1.891682352517066,5.34999669999863,0.748302252972016
1403636646309028579,-1.955826775820275,5.380438294060639,0.770694286959035
1403636646378654443,-1.998305681666155,5.423908192504816,0.778568734685295
1403636646423376914,-2.057232232735471,5.449564962816778,0.797441709713251
1403636646471062016,-2.091047651236512,5.479428598641983,0.802793558894065
1403636646554648178,-2.139750838223395,5.546826393663581,0.801220168352972
1403636646599450724,-2.171664279520492,5.577835801286198,0.80269834572956
1403636646643952729,-2.203532152685894,5.60678482212815,0.805410646947165
1403636646692147790,-2.233320548439434,5.63761039029008,0.808477717493306
1403636646757286895,-2.261993616466798,5.668005853446626,0.813736150321072
1403636646801199253,-2.28851076821414,5.699372194207692,0.820356308756011
1403636646891248769,-2.328902999037425,5.765007110415407,0.82512742797096
1403636646940739484,-2.353445050835329,5.796430820571011,0.835607853211648
1403636647005794508,-2.398560498686634,5.857042544593358,0.862534286091265
1403636647049676875,-2.419685984820276,5.887056901525777,0.878869955615415
1403636647093530073,-2.440061504641061,5.919214740000649,0.892652622352099
1403636647138384500,-2.45973808184223,5.948592427227112,0.908932453015787
1403636647254384291,-2.489412314187431,6.005707288432488,0.918456908712122
1403636647298062676,-2.507577974346892,6.035152684108401,0.930125429891538
1403636647342292851,-2.540240952042617,6.088557370815579,0.949323145098143
1403636647389379240,-2.555707196709792,6.115350512376022,0.956343206149598
1403636647438817402,-2.571076214995886,6.143158851941576,0.962267981149002
1403636647504049528,-2.586294361221245,6.1719825385758,0.966778396780396
1403636647592813564,-2.611166551158282,6.224745053903479,0.967956991669888
1403636647641612901,-2.625552023973503,6.253672801002656,0.969766412311462
1403636647718802326,-2.650337893563645,6.307515693218979,0.970554671973545
1403636647762655854,-2.660950247718208,6.334629272007342,0.970826990487675
1403636647840866994,-2.679601055394561,6.388071269912165,0.975169908054785
1403636647940594193,-2.697753062931972,6.439405867278663,0.977925927476898
1403636648007418781,-2.709597446835108,6.491892066009825,0.989477844820712
1403636648051218200,-2.713943917396565,6.517545766357513,0.993436647951949
1403636648095150250,-2.717541418764843,6.544427049373283,0.995333147300209
1403636648140045262,-2.719453375369834,6.569665568260664,0.995131008155771
1403636648191531148,-2.721393160446569,6.594693789512107,0.992466938042706
1403636648258595059,-2.728819124950064,6.637787542868094,0.986364489315419
1403636648401435301,-2.733497078925082,6.701844690782763,0.971015461597782
1403636648444785509,-2.727880483628277,6.749119491702751,0.951748573303284
1403636648506713991,-2.72395949920988,6.77247434089513,0.940345763404769
1403636648551648553,-2.7190038548126,6.79503891337548,0.92790639292303
1403636648600039535,-2.715002544403199,6.81607310604787,0.915137631598365
1403636648642854874,-2.707988214425198,6.841296325977647,0.900037645339174
1403636648757565573,-2.701069032949141,6.90296573676285,0.87182319594153
1403636648795710525,-2.693852687471701,6.92313734396832,0.861355686678112
1403636648840008250,-2.685000560569113,6.944052018608611,0.852501228805544
1403636648890162548,-2.676386590904241,6.965082681778521,0.846319107424906
1403636648940088061,-2.666818175862804,6.985571908698219,0.842329393972193
1403636649050357722,-2.66322985407766,7.021031521774115,0.839385218069048
1403636649094093069,-2.64481326850708,7.062700750717387,0.843660370711652
1403636649290395921,-2.642540028033722,7.14891805320289,0.852038179635419
1403636649334009215,-2.602480010522424,7.183823907736096,0.887868235732027
1403636649378781442,-2.594787855131846,7.204716018299172,0.900316309470273
1403636649430909036,-2.585225991600833,7.22760935037356,0.916734550050819
1403636649481420881,-2.578292509605773,7.252668514761631,0.933020184534635
1403636649536355429,-2.569924476909501,7.275157144185607,0.95178000735846
1403636649612456751,-2.567841819706772,7.311183117489955,0.96911542246487
1403636649664886369,-2.559191288510769,7.331695147777592,0.991003637110882
1403636649699671022,-2.550277310745209,7.351209014938661,1.013994140342305
1403636649762187710,-2.541033710898523,7.370818109525947,1.038405960109266
1403636649841497694,-2.521373550895448,7.407981489596568,1.087476641234308
1403636649892607173,-2.511494901286472,7.426264108196912,1.109364516926699
1403636649941169273,-2.500339158709733,7.443817921472033,1.131209912428102
1403636650053259333,-2.481616403390987,7.486543954457908,1.166385572626918
1403636650141268395,-2.457639848801394,7.515612256111147,1.193437980549963
1403636650192771182,-2.44514970424557,7.528491866070419,1.203131904779994
1403636650258476387,-2.432657551917124,7.541212033106229,1.209862282822446
1403636650369651450,-2.421136775487482,7.558755928388917,1.21448853642113
1403636650441098213,-2.392712738910421,7.579513472431255,1.218996108990108
1403636650506091056,-2.376657004603576,7.58979605096352,1.218722741010164
1403636650539840296,-2.346139285567912,7.606467999942822,1.214764667955871
1403636650589448112,-2.330847963714262,7.613130280828963,1.211305794288909
1403636650691826175,-2.31583489246293,7.622732532544898,1.205883726936569
1403636650744711355,-2.282734777505583,7.634278795707989,1.192674004482612
1403636650789800026,-2.266522853996899,7.638787934867157,1.184828334314493
1403636650841425011,-2.249685145742061,7.643400531571297,1.176140021583246
1403636650891461121,-2.233307426772425,7.647832146290384,1.16752186268497
1403636651004566803,-2.216326209670486,7.651411761273825,1.160310352649174
1403636651049572533,-2.200987157298799,7.655633138956796,1.155718595657106
1403636651092572861,-2.184144648564053,7.659269161249865,1.152501089236157
1403636651138911168,-2.167640953712423,7.662856619229312,1.151194830369712
1403636651189487880,-2.135106285342899,7.667934553321218,1.153516730713909
1403636651255309709,-2.118389154936351,7.669619073867751,1.157179525519513
1403636651343605457,-2.10141087346335,7.66830656321488,1.162706572361285
1403636651413865447,-2.069287553327519,7.668371934061215,1.178172172655752
1403636651458766182,-2.05269617127428,7.665996965546957,1.188326329771513
1403636651505969025,-2.036767640794909,7.664467886772985,1.199251097766894
1403636651553165109,-2.021281457768883,7.662739496877165,1.209163648393699
1403636651595696327,-2.005167815503011,7.659008422216259,1.217488202569335
1403636651640918257,-1.989210142541322,7.656180594950405,1.224319171132723
1403636651697098813,-1.973844080345798,7.653075751723741,1.228587688803142
1403636651761126031,-1.955838530547727,7.642316845597108,1.23174701424822
1403636651804969777,-1.940120434894831,7.638106858600725,1.232981328938854
1403636651850226737,-1.924340221361807,7.633840745177403,1.232918127792668
1403636651893361620,-1.908078275055151,7.628603643047997,1.231901756207649
1403636651939574549,-1.891409084279805,7.623408445224311,1.229998781909871
1403636652005386636,-1.874165720260326,7.617260141648865,1.2271429304151
1403636652049487866,-1.856262196598781,7.612226027763589,1.223052044342728
1403636652093436804,-1.837244212481346,7.604273999135343,1.217293159247677
1403636652193754080,-1.814363536339122,7.582786063461128,1.211175281368031
1403636652259927182,-1.773718356550256,7.562990126874685,1.19513837359871
1403636652342196569,-1.731269284925027,7.540216683741777,1.176529038618231
1403636652392271708,-1.708747680578345,7.528475761252167,1.166083149936019
1403636652438112102,-1.686048625302494,7.516667181588671,1.15473942114494
1403636652547768714,-1.66077130267729,7.489001559133501,1.144403981798553
1403636652592197734,-1.637309311731498,7.477153559205443,1.131669878711024
1403636652640173725,-1.61430570692127,7.465136552382424,1.11913314322817
1403636652691207904,-1.565821760217214,7.440473018569985,1.095970007083905
1403636652755017442,-1.541259984013212,7.429774336565128,1.087149853173806
1403636652799879964,-1.516971646156425,7.420096241043538,1.080643256606439
1403636652890028374,-1.488892548808248,7.399010551881699,1.076944369501746
1403636652939240661,-1.462766849032386,7.391821230373075,1.074384827834799
1403636653006389741,-1.411398937433304,7.380562353808419,1.077430417073094
1403636653050123806,-1.384174435968169,7.376797344127804,1.081857442448274
1403636653266397861,-1.303392010910567,7.367031352446064,1.099123729064957
1403636653353835204,-1.220443348772035,7.368915512607984,1.096743637418053
1403636653398795317,-1.193805392931375,7.368981721132503,1.09241612911905
1403636653442720375,-1.167100736610385,7.370016589839309,1.088818282787182
1403636653505520940,-1.140896287773263,7.371974325663806,1.086720081462648
1403636653549838400,-1.114573837753201,7.373961436312367,1.086494269751862
1403636653593592379,-1.089812561934562,7.376762798863886,1.088526105687709
1403636653696049695,-1.064594698853085,7.376615176331147,1.092460780850897
1403636653762520896,-1.015967909775941,7.38014746537414,1.105746231219037
1403636653801833156,-0.992599227853536,7.378720316113481,1.114177316007994
1403636653847079581,-0.969785415470815,7.378137926817256,1.122380096547974
1403636653891922672,-0.948291100287487,7.377220170449284,1.128823075728602
1403636653941606528,-0.926554193730008,7.376193093047876,1.133780790254927
1403636654010591609,-0.905939463694142,7.370842917201617,1.137006749998285
1403636654054391957,-0.885389197760994,7.367361619760457,1.138478966595271
1403636654100469730,-0.866121831559928,7.364596019792642,1.138171751858798
1403636654144442893,-0.847129628387418,7.361660923729997,1.136044489112751
1403636654189662905,-0.828125695369164,7.357592007973507,1.132309224465794
1403636654255437904,-0.809581906485113,7.352366936953542,1.127588995196397
1403636654299554232,-0.792322662308375,7.347906495918322,1.121756170480069
1403636654389478391,-0.772644865898242,7.33162461720795,1.116869510223181
1403636654439110061,-0.755780120105469,7.324136171630745,1.11332841822209
1403636654504700722,-0.722475939294853,7.308278101274412,1.111455930901367
1403636654549345805,-0.705767852204881,7.298956491433951,1.113580272564149
1403636654591913292,-0.689327131238721,7.288664038142975,1.117501605959593
1403636654640464949,-0.673336779041779,7.279394013760001,1.123205254867707
1403636654758090607,-0.657387568526122,7.257140233450924,1.131360284865714
1403636654802258187,-0.642175386260953,7.245900583766527,1.140639373841467
1403636654846819096,-0.628159051068256,7.234484523702324,1.149202358019944
1403636654889863514,-0.610780610974694,7.224390191071827,1.159117985123076
1403636654939117469,-0.599797988155484,7.217486851275022,1.163659245530581
1403636655006019081,-0.569927090310595,7.181146928688942,1.172413473437496
1403636655071990489,-0.555594130722649,7.167291142290805,1.174206290555673
1403636655115758203,-0.541744813614425,7.152285167640806,1.174125272784147
1403636655159628804,-0.528376148418881,7.141147828689027,1.172113725421439
1403636655203422544,-0.515967846017024,7.129866059456586,1.168976708553153
1403636655256114179,-0.502991322998628,7.118554169337815,1.164784049451222
1403636655300117530,-0.490375428803605,7.10515867130032,1.160010436068778
1403636655343965734,-0.475018084757292,7.092833841118808,1.153316598917103
1403636655393138694,-0.467200750756469,7.080105379022864,1.149178854816561
1403636655440085801,-0.456446375091102,7.066423580809166,1.142458452412037
1403636655539572675,-0.44450509943648,7.035804150726759,1.137008655153022
1403636655590118794,-0.434347848238245,7.020056129496219,1.130673897511329
1403636655639500284,-0.420824698868446,7.004495653936615,1.124410546128099
1403636655696937882,-0.408311743875657,6.967873062518199,1.119868445257207
1403636655766737208,-0.390844120922604,6.929655346051164,1.118066113862203
1403636655855287129,-0.381189247388626,6.888992690326107,1.116711921768772
1403636655899182472,-0.372829663341553,6.86810482502152,1.111695380803861
1403636655944085636,-0.36412984615053,6.847028328255584,1.103323893265844
1403636656007340270,-0.354898263024834,6.824717751146925,1.090981782538415
1403636656051046913,-0.345584505116709,6.804234272715815,1.076279560381308
1403636656096220249,-0.335928008001132,6.782675671012592,1.060939641538261
1403636656190035927,-0.32387666486664,6.739142749060523,1.046162330487474
1403636656256589919,-0.30088333426647,6.69536136569391,1.021656931611053
1403636656299325634,-0.288015537738349,6.673207053206621,1.012763795219236
1403636656343308797,-0.273980221306137,6.651240320538338,1.006251847383702
1403636656391108545,-0.259941570786629,6.628493800738535,1.003191383964976
1403636656456529526,-0.242985709397118,6.588022845589332,1.003583508953739
1403636656506757621,-0.227030165054003,6.566675813362599,1.005700251190124
1403636656542706154,-0.209444542514317,6.546521673776239,1.010115957957588
1403636656755910567,-0.13633970521718,6.447657147252953,1.044498599395359
1403636656814124043,-0.117553971643285,6.428517188208909,1.0522374078607
1403636656858905421,-0.098012647442687,6.403279900081655,1.059468934980148
1403636656902208876,-0.078346724171588,6.383852701155597,1.06458652159914
1403636656946313875,-0.059520164763377,6.364242302908175,1.068020205774718
1403636657005631894,-0.040671401579908,6.343461696432915,1.069788116814876
1403636657049875941,-0.021608335913569,6.323505147518089,1.069733371101513
1403636657093626446,-0.003213347616149,6.302376580305665,1.068041376998624
1403636657191607845,0.015741012241073,6.262106328700702,1.065779291616964
1403636657257698987,0.049245006968907,6.218028948708256,1.054500612475179
1403636657341010176,0.080211500253272,6.171536459846548,1.040187512465391
1403636657390487269,0.094922883365415,6.146849485073842,1.034760236155278
1403636657507395525,0.122632477847739,6.069781452715414,1.030326103916843
1403636657551212698,0.13656708262361,6.042305323612918,1.029164542563652
1403636657596028885,0.150693543587703,6.014764491164954,1.027708919122812
1403636657641060377,0.164648262658173,5.98611970648766,1.025413053876267
1403636657696104012,0.178858175740857,5.957308965082725,1.0216378840712
1403636657758023343,0.193836229198054,5.900329913809142,1.017974507455886
1403636657802741932,0.207586032030327,5.871259023468506,1.012021024231669
1403636657846383611,0.224502450733381,5.840805829495597,1.003610743429139
1403636657891048301,0.239738810268824,5.810383404876214,0.995632253045226
1403636657941459829,0.258071791172019,5.778532085002382,0.985170134806509
1403636658008853517,0.274696346313894,5.747757484648703,0.975660189291954
1403636658092521059,0.3149278037448,5.683338667024644,0.954286889683652
1403636658190207055,0.33668088189635,5.621089586952624,0.947973793930902
1403636658256295766,0.381615205970982,5.556834289144749,0.938473386833624
1403636658300242873,0.406949097737123,5.523594543136324,0.936513305082186
1403636658343649212,0.43269304659326,5.491369285497113,0.936325510009168
1403636658389735089,0.459352273902624,5.457938079097224,0.936395357490705
1403636658439056901,0.487047413668442,5.426161754903114,0.93539656826048
1403636658549081500,0.512212870445117,5.366350171789549,0.936089917389915
1403636658593009380,0.541229893203263,5.334814405534569,0.932418649253491
1403636658640180394,0.599918793842165,5.273811071143844,0.922442718356349
1403636658691846876,0.627704399383012,5.244626626733342,0.916817684893367
1403636658757676058,0.657692667015408,5.215838545651769,0.909927432202177
1403636658840750764,0.681917316956247,5.167584251375502,0.905713261003851
1403636658891413768,0.711297756107744,5.141353351934331,0.897707219275314
1403636658942066790,0.740609216576365,5.115804467898117,0.888730930224779
1403636659007005023,0.792601774992783,5.068051018538017,0.870371117443542
1403636659051617478,0.820897722521129,5.045748667354542,0.858741795650283
1403636659095455495,0.84539946030549,5.021935902183998,0.848103497175259
1403636659191951597,0.867976246039023,4.984992084053643,0.837715207696138
1403636659257574522,0.914824499587639,4.944159951163338,0.8104107770657
1403636659302549456,0.933522487876763,4.924290489758585,0.796335213574637
1403636659345053900,0.954226922221594,4.904573976723302,0.779980478948683
1403636659389337463,0.972558832304168,4.884253577747455,0.764564239416607
1403636659445502888,0.991523514291046,4.86468772025216,0.749237857907974
1403636659506639779,1.009441014171802,4.845380379105245,0.735222288608056
1403636659595409612,1.023515214306926,4.813945940758588,0.72530145085372
1403636659640132337,1.039437335180041,4.794405793109718,0.715299855275004
1403636659701600142,1.054676186526353,4.776205778995852,0.706889955976847
1403636659752058024,1.082282412526147,4.740786040512706,0.693696561261814
1403636659795725932,1.094931894372046,4.72313203054114,0.686568647595414
1403636659893337052,1.104319059567729,4.693801905807111,0.680219062392852
1403636659941697769,1.115209983517488,4.678051693803416,0.670547516453042
1403636660009690905,1.136035068858472,4.645687402040095,0.646407210925965
1403636660092145201,1.153689902720047,4.615135420110892,0.61840790021691
1403636660142647137,1.162369815653201,4.59930850032202,0.60207249013329
1403636660257701946,1.168037757486352,4.577020461436136,0.586918439291174
1403636660302605641,1.182177914065351,4.551409412515308,0.551444889661593
1403636660396971667,1.194795847929014,4.528395976251951,0.513437976528787
1403636660441312282,1.201797558794545,4.5178602493356,0.493242952928768
1403636660506154214,1.207819429255723,4.508413689933236,0.477221888623755
1403636660592447367,1.215074625515108,4.500720040179368,0.461394744053991
1403636660639133609,1.222745386231378,4.495577238040429,0.448207643604038
1403636660689813585,1.230926683404451,4.491583144649807,0.43621340157221
1403636660755721221,1.247179340871912,4.487848621060088,0.412681076075544
1403636660800664493,1.255219519194117,4.487652956854022,0.399202154759707
1403636660843278098,1.263368847921396,4.48910763531978,0.384089347205692
1403636660891500849,1.270726107474393,4.490500596765959,0.368060893318021
1403636661006353316,1.280104926984074,4.50212689229871,0.348472947220431
1403636661050146862,1.286470025343242,4.507329229678065,0.329968713595905
1403636661095103023,1.296413896555352,4.519281570383057,0.288441574520869
1403636661141287073,1.299800711171249,4.525286027663783,0.266532524332041
1403636661192904043,1.30198489018956,4.532628619467924,0.244624799873292
1403636661258001283,1.302527697478825,4.539901271513354,0.221084045553564
1403636661345145117,1.305897392905699,4.561239301031853,0.193309819428068
1403636661392267721,1.303583666402367,4.568913184288941,0.169010375344384
1403636661441888737,1.300323074690503,4.577408844507806,0.14693759728229
1403636661508492568,1.290593643243869,4.595373724589548,0.107454422699978
1403636661550885453,1.283375279868247,4.60404051070608,0.090197485700366
1403636661594112529,1.276553418433382,4.61347334217755,0.075987778652447
1403636661696941196,1.269426699668832,4.630810629136398,0.059227579512906
1403636661763379700,1.250404719789762,4.646980845352189,0.039037319484725
1403636661839670922,1.227669773359081,4.662822655249221,0.025484830036094
1403636661890493621,1.215483603243204,4.671080496052651,0.021002969434987
1403636661939737409,1.202782454113559,4.677886565491536,0.018474138895116
1403636662006373113,1.190568696019471,4.684021603017127,0.01775938373265
1403636662094126999,1.177591431714428,4.692728528745071,0.017871855540865
1403636662139862052,1.164009183287364,4.698055119626679,0.020605336235159
1403636662199265986,1.136311214282037,4.707847383497248,0.030232104656772
1403636662255272587,1.121090718363554,4.707669570711314,0.038647135775998
1403636662299046031,1.106439169143761,4.710216439994775,0.046080951519852
1403636662358372232,1.090481588079179,4.708809357205557,0.053794744127365
1403636662403030067,1.074952696065842,4.710744694238368,0.058943373707264
1403636662446870406,1.058732871092733,4.711337779267994,0.062870052410563
1403636662506772362,1.041768566136494,4.711571757024687,0.065259025832274
1403636662550557098,1.024606801375721,4.711379972182822,0.06630063265336
1403636662594017923,1.007292307423982,4.711740724533142,0.065739367635154
1403636662691072725,0.989180089501746,4.709950650525326,0.064770882414656
1403636662758360573,0.952848941128166,4.711129137745727,0.058065690331656
1403636662801045640,0.935758378651829,4.711979180182892,0.053139092649007
1403636662845428599,0.918082345979006,4.711558763635424,0.047391292061499
1403636662890205417,0.901158424717844,4.711628751778603,0.040489173472736
1403636662961381580,0.884055039030634,4.712290343103212,0.032188605987166
1403636663006970081,0.868026028333962,4.712437747093039,0.023123160675771
1403636663050659441,0.853412255509933,4.714037279684599,0.012954342842114
1403636663094508088,0.838957881486257,4.714143481754475,0.001734643036013
1403636663138151190,0.826519969117128,4.714751967425536,-0.009917096380158
1403636663189988542,0.816337821630458,4.714312806066773,-0.020117683228568
1403636663256174142,0.807310038830665,4.713831726349057,-0.029703510512034
1403636663300014745,0.79977522515382,4.712583807478691,-0.037486696554045
1403636663391475800,0.794090985105462,4.711476922787382,-0.043812367718225
1403636663441022023,0.789710554275341,4.711452564841715,-0.049376423371732
1403636663506889288,0.784231455693326,4.71201809704517,-0.063347516910316
1403636663550104464,0.78372872112655,4.712357377794636,-0.072199876144416
1403636663594858827,0.784425789134187,4.71391219679877,-0.083155154364111
1403636663641767045,0.786300652238154,4.715946139225919,-0.095212214680004
1403636663762616667,0.793896899403433,4.734271314077918,-0.125594336536866
1403636663804308791,0.798127061481642,4.742441797402825,-0.140224193393005
1403636663846995669,0.802884188825544,4.752248674058881,-0.155979183724096
1403636663891716456,0.807627993225202,4.763367720953134,-0.170974881931329
1403636663940125068,0.812404617540609,4.777138132495743,-0.184459983663987
1403636664005549670,0.81685897175707,4.792804668677561,-0.195738493761736
1403636664049321814,0.821189833927848,4.810252294698445,-0.20506672079524
1403636664139354288,0.829013159375264,4.851917963360005,-0.220178810981726
1403636664191135965,0.831776076749004,4.875168260981853,-0.226014702107599
1403636664256900236,0.833109496822608,4.897534927693035,-0.22895605450816
1403636664357824782,0.844583756884741,5.014792647891806,-0.25323480018431
1403636664402871768,0.834131711486185,5.044770944869945,-0.239821496396606
1403636664470177016,0.830611533014008,5.088113228205483,-0.243053896769322
1403636664513009176,0.825571678533199,5.125635782286458,-0.248277157321815
1403636664557795202,0.817944189434652,5.157489113787873,-0.255581737603676
1403636664602753755,0.810203762911148,5.194997495261736,-0.268193685963033
1403636664645449332,0.800635449764792,5.228342181094059,-0.281214593450903
1403636664692322935,0.790499317570105,5.264305346538419,-0.296074437889601
1403636664760728343,0.778779118723523,5.298556554729608,-0.310244426120797
1403636664803357493,0.766837610523129,5.333958270588041,-0.324105290552065
1403636664847957166,0.753192828826178,5.36620055959146,-0.335275674779775
1403636664940032574,0.744333149452651,5.430755672030709,-0.35581850154663
1403636665006219727,0.711882080886398,5.495425443278837,-0.369354439574411
1403636665050059885,0.694433269234749,5.52607165717358,-0.373377070767563
1403636665094419321,0.67762484323333,5.560997545181043,-0.376827133571813
1403636665139917593,0.659860051429263,5.593648943037327,-0.377642985404583
1403636665190366506,0.642242462038697,5.625566037918355,-0.377143222500651
1403636665299012644,0.626532988341391,5.68472794045979,-0.38300312335042
1403636665343445486,0.607829237353879,5.716878865869772,-0.378321252826488
1403636665391879432,0.589341890862774,5.749299205022829,-0.372383203518852
1403636665439058163,0.553329237621413,5.813115946683254,-0.358998774690051
1403636665505038484,0.535585886484187,5.844370926670231,-0.352076282825066
1403636665548744402,0.516659192381014,5.877014086566809,-0.344054265287779
1403636665640350696,0.501078926454957,5.933963963490617,-0.344390936272476
1403636665696401063,0.484309175097327,5.965847077804577,-0.337464773720385
1403636665762397771,0.448497885651718,6.029081292346429,-0.321452976968003
1403636665839548351,0.412910880343591,6.090945080540107,-0.30497612573886
1403636665890934214,0.394215716242772,6.122961875659374,-0.296241449345946
1403636666005616665,0.357076037439651,6.2108623668604,-0.285107324592763
1403636666049703222,0.337037348965813,6.241934142628097,-0.27505457575251
1403636666094536631,0.316286842124388,6.273051965786726,-0.264517049946919
1403636666141474985,0.295708607857525,6.302786681962779,-0.254711305806583
1403636666192269363,0.276275693603321,6.332650315289913,-0.247576347301266
1403636666301645306,0.256496097098285,6.387239302299943,-0.2483487896289
1403636666345230560,0.235192516600582,6.417170561386512,-0.244289463924633
1403636666395060028,0.213781851006551,6.445615377876336,-0.241543906890106
1403636666441276756,0.17163359863547,6.500045929037968,-0.240277363729496
1403636666506336959,0.151525640414399,6.524935057886633,-0.241998362857023
1403636666551251552,0.129995987879061,6.549438991549723,-0.245013795547594
1403636666640533238,0.110607216347346,6.595253790088131,-0.253089441685598
1403636666690065282,0.091222101795581,6.617110017629744,-0.253728500022334
1403636666756072131,0.051659157655354,6.658854055130983,-0.250014775566582
1403636666798828443,0.031123851885902,6.679063273895516,-0.244389687630299
1403636666843848234,0.010745830695703,6.698445692418888,-0.237659124952971
1403636666941014462,-0.008400777952008,6.735423805194787,-0.234470175016488
1403636667007236388,-0.045916589510633,6.774553083258795,-0.218087793032842
1403636667050280492,-0.06253762944416,6.793633344367706,-0.211450165394084
1403636667094265716,-0.078185045071436,6.81335108293005,-0.206197359758247
1403636667141306695,-0.093048882732812,6.832653013410273,-0.202459017615814
1403636667193381258,-0.106689707449521,6.851473231572546,-0.200573016058956
1403636667302594903,-0.121365832643398,6.888555426552897,-0.20379523249343
1403636667346527881,-0.147425296175092,6.925731985529746,-0.205552995924745
1403636667391260452,-0.158171756999523,6.945404082291609,-0.20836834350795
1403636667442883188,-0.17023940871116,6.962900113929228,-0.211460179688551
1403636667506891203,-0.180926701871821,6.982083230160689,-0.21613651315613
1403636667595676942,-0.192563871046718,7.019504561598951,-0.226075414368389
1403636667642222007,-0.203285063559227,7.037497959799002,-0.231273379814167
1403636667698341611,-0.22650347048109,7.073431400131589,-0.24147555488
1403636667778633857,-0.24893526569249,7.10998106704058,-0.249006586570085
1403636667854777088,-0.261066459937454,7.146245396553304,-0.254809403574095
1403636667897468810,-0.272505072904097,7.16358299139716,-0.253794223117777
1403636667941392995,-0.283604002303208,7.18105642501859,-0.252195572351386
1403636668005095852,-0.29390551091315,7.201823384610286,-0.249811816401165
1403636668049002538,-0.303534210358442,7.219679116594199,-0.246727747251879
1403636668092908098,-0.312413864060105,7.240444266364182,-0.244445984258491
1403636668189924900,-0.321703592263436,7.276542393999636,-0.246759018165396
1403636668255048022,-0.336962828406802,7.316384982907729,-0.249433188011813
1403636668300619748,-0.344387077125001,7.33663107583729,-0.253711286802634
1403636668343316539,-0.350926510399517,7.355578249210832,-0.259269916532849
1403636668392826600,-0.356968614266005,7.376199563697306,-0.266517489141422
1403636668508966846,-0.369260683295993,7.437240604192688,-0.288512675223244
1403636668551724287,-0.375013889219694,7.46111382907422,-0.299369114178528
1403636668595617469,-0.380196002299586,7.480107791232365,-0.309199391978086
1403636668641715187,-0.385998526205477,7.50079077053298,-0.320405951867099
1403636668693472461,-0.391263325036013,7.521581218481982,-0.331254418599914
1403636668840532914,-0.4035412386553,7.592152044957228,-0.360406659543461
1403636668892427924,-0.416504916996016,7.641237198174981,-0.384412119495713
1403636668940678879,-0.423987688313842,7.664820686902468,-0.395851043370362
1403636669006841523,-0.431769667186335,7.689623789421843,-0.406429903092688
1403636669050719096,-0.441437151806599,7.715693511423117,-0.415600064460312
1403636669142322928,-0.453018646516038,7.771409602566436,-0.429577700915999
1403636669194045745,-0.463617117545857,7.797646226502372,-0.433623262134015
1403636669258123020,-0.488905518236573,7.846567991411218,-0.43403758847955
1403636669354388326,-0.507245077546608,7.935782338619935,-0.448338182434966
1403636669420849915,-0.538518447793845,7.96358906386051,-0.440115709261626
1403636669476421674,-0.573157414060038,7.999326929737642,-0.440176756674824
1403636669553203651,-0.595941906231554,8.04987342691941,-0.450348971212704
1403636669596992747,-0.615045497493782,8.076925048579755,-0.456261606639705
1403636669641995754,-0.638132387670961,8.101373026002445,-0.462963681696252
1403636669695035639,-0.659898952479155,8.126608085514684,-0.470892648785483
1403636669764487324,-0.687007090026427,8.179306684842167,-0.486987375912645
1403636669808076741,-0.710460836576662,8.202102446326135,-0.495431398479667
1403636669852701100,-0.738997974136375,8.223569269701217,-0.502988949237053
1403636669896609015,-0.766025072926005,8.244441247653143,-0.508971254543829
1403636669947176055,-0.796086798287,8.264363399066097,-0.51310119163279
1403636670006123474,-0.823158449144854,8.283726318187167,-0.516112471350118
1403636670049382225,-0.853362747791857,8.301022376424335,-0.517481482796148
1403636670093233826,-0.882441749871262,8.314654533747293,-0.516986196168454
1403636670189121547,-0.915169516062891,8.342870094191063,-0.518326078234684
1403636670255208924,-0.974822874956011,8.361149099691023,-0.508946718494261
1403636670300169421,-1.003804022364614,8.366589244277577,-0.502181688445992
1403636670344021761,-1.031528608356024,8.370053656021348,-0.495233776558203
1403636670419641875,-1.056178422367845,8.370499132739734,-0.489147492902719
1403636670459036642,-1.080159827948032,8.366718716692116,-0.48345149743717
1403636670508500583,-1.101056826103673,8.359742416384757,-0.479532769253437
1403636670552159467,-1.120864226450731,8.35149102368049,-0.477000537413219
1403636670596585907,-1.136456536457587,8.340416154106851,-0.475469819010122
1403636670641220626,-1.150884227490932,8.326390691170115,-0.473796601802738
1403636670693165663,-1.162217232421691,8.30886175895683,-0.47109513478395
1403636670840503034,-1.171732562058135,8.238898334919948,-0.454248496435052
1403636670890714541,-1.173212370862214,8.20864921113137,-0.445278648065499
1403636670938941739,-1.171180511647441,8.178040265735227,-0.435554253706391
1403636671005021048,-1.165548573020178,8.142903505479005,-0.425215439719005
1403636671049539199,-1.143878715955556,8.067875860302793,-0.408970980271355
1403636671142095764,-1.119965505997273,7.973109494859039,-0.389745365766259
1403636671189282804,-1.097874981953828,7.921363098287867,-0.380401035505437
1403636671255573649,-1.044348571686632,7.817899121509231,-0.357779499721246
1403636671299351376,-1.011151735536717,7.76151347812537,-0.343115623565471
1403636671343503538,-0.972841981466639,7.702996948180528,-0.326710650349666
1403636671390802328,-0.930834414354067,7.641053004329877,-0.308686945039072
1403636671505993653,-0.830218010028364,7.441632928219759,-0.252617561070205
1403636671551053335,-0.780398446900893,7.371620105420598,-0.230731142346568
1403636671594915697,-0.731618899200434,7.305882996839465,-0.211134805375721
1403636671639883190,-0.678630568593236,7.24191743689685,-0.193438639271996
1403636671698252449,-0.626312137373779,7.167479537101269,-0.174907932382192
1403636671763251958,-0.562552420867803,7.035699639219822,-0.144378955493489
1403636671802612197,-0.511816634302194,6.972690863175011,-0.130993913046217
1403636671845366076,-0.455233779560006,6.913429364432475,-0.119544554161345
1403636671892971508,-0.405405558717496,6.848357311440385,-0.107536560310132
1403636671942391395,-0.347181428565392,6.785147279630938,-0.096890520212818
1403636672007401301,-0.294942466650026,6.725111107716574,-0.087227797420328
1403636672095483324,-0.238846744972763,6.610618103401395,-0.063387088387099
1403636672142678780,-0.18796965481424,6.559422714513087,-0.052080571947021
1403636672189868413,-0.135395425183424,6.512533955052969,-0.038524932106575
1403636672257457721,-0.039799805451033,6.430936282144345,-0.006551863632731
1403636672328186166,0.007440321172367,6.356627622414254,0.022140726690027
1403636672379743223,0.097159670500473,6.314896522378225,0.062533424636112
1403636672466762201,0.139042075210058,6.266013736906517,0.09016672689087
1403636672516771360,0.17814679789183,6.235372454262611,0.11342397479362
1403636672560670155,0.215636455053875,6.218870361426029,0.132197544667318
1403636672604527682,0.248688164923679,6.203549101775414,0.147398393294732
1403636672648649569,0.280951924928794,6.188422111289242,0.159546047439441
1403636672692605537,0.311735360253227,6.174355397165845,0.167633274867516
1403636672755466589,0.341028799612958,6.162284386153899,0.171097039387439
1403636672799351485,0.368404203154758,6.15019967933581,0.1698908731249
1403636672843336659,0.392826918620052,6.140307266535789,0.164340769539845
1403636673046492926,0.435215518069359,6.113473250634134,0.14397320883716
1403636673125038908,0.486521181459395,6.096699116517011,0.104961717732684
1403636673174399073,0.514247756130651,6.086268104907349,0.087450932720206
1403636673223499710,0.52593695674699,6.080843261741752,0.081714315598416
1403636673304700372,0.536553350421522,6.076049593243027,0.078401519019568
1403636673348139889,0.545862822070896,6.074808601242862,0.076643177059701
1403636673393643617,0.552142446932926,6.074169437125226,0.076337548208381
1403636673440838498,0.559616013803628,6.075328203242878,0.079804596645474
1403636673507089266,0.564895105988576,6.078850376768643,0.083735971968743
1403636673549796383,0.567723567138672,6.083537410286459,0.087290368731187
1403636673595821510,0.570140185996382,6.094295575744437,0.090208493518745
1403636673641813980,0.570370515358894,6.100119481341417,0.09320665084257
1403636673764659054,0.568747127088266,6.129944403143603,0.092307480833407
1403636673804093901,0.564747965840765,6.142364485742255,0.090951515031933
1403636673848012815,0.559927530788862,6.157673509608358,0.088412479909961
1403636673894221915,0.554352066495826,6.173872560656107,0.084994726908628
1403636673941270435,0.546681553423044,6.190290646798027,0.081758538618905
1403636674005774711,0.538032006730053,6.207054170478378,0.079718595594416
1403636674049213386,0.527108041160214,6.225304107169507,0.078908215779637
1403636674141748415,0.51610542564455,6.26050235094,0.07579878548411
1403636674190230423,0.502218604302653,6.278551043781464,0.07783537915152
1403636674257294003,0.471544182607257,6.315294112694752,0.079805823034852
1403636674299980824,0.454405664950381,6.334682843666603,0.078196133927775
1403636674344605357,0.435274370350869,6.352744433680794,0.074882201374889
1403636674391616421,0.41688599410123,6.371309985367561,0.06974342619856
1403636674507954522,0.39763701174507,6.407045131443605,0.05879043632919
1403636674551884614,0.379040324601295,6.423845121056492,0.050878621062087
1403636674595807410,0.358304475238527,6.452992845162463,0.038293533798191
1403636674643047814,0.338080246882622,6.472891069655507,0.026157949555464
1403636674691733588,0.317658892093124,6.489494806609923,0.013392474757312
1403636674756853529,0.278033272023942,6.52344052727579,-0.016533930574582
1403636674801870347,0.258166359212095,6.538867105800406,-0.033186764242639
1403636674845859674,0.239302102172793,6.553900736442326,-0.050968338306754
1403636674943277836,0.223755003159775,6.590316104105517,-0.073146381743006
1403636675010675920,0.189287493670986,6.627165318868254,-0.112600816603855
1403636675047976685,0.17440869273766,6.645160649027504,-0.129131659754638
1403636675093105995,0.16001295213075,6.664480160504497,-0.144195559126908
1403636675141442931,0.145670456567391,6.685168058817852,-0.157698165224664
1403636675192083050,0.132187204420468,6.706474230735049,-0.168478072058199
1403636675257248756,0.119785124343912,6.753655940943954,-0.182757474380776
1403636675303323121,0.107553151352726,6.780200309876238,-0.188739733098659
1403636675348340978,0.093433768049754,6.809133698461551,-0.193414671946566
1403636675392265164,0.077937133024906,6.832624702697673,-0.195043498457121
1403636675630210623,0.031970182721786,7.018011030628954,-0.213234373945948
1403636675712780224,-0.025352155207495,7.078664693076664,-0.196534223986857
1403636675756615261,-0.047252828545195,7.119173171236111,-0.198659849255447
1403636675800539653,-0.069732993321199,7.151483072581338,-0.200349324427699
1403636675845832765,-0.094367046070157,7.185437616358177,-0.203344568879494
1403636675892810928,-0.120712552998139,7.220955743410278,-0.207940933879682
1403636675940126245,-0.147671542433161,7.254068918136143,-0.213567597432035
1403636676007412480,-0.173405750635433,7.285845784236034,-0.220219152642231
1403636676094602699,-0.201458834142341,7.352202020506358,-0.236505678130585
1403636676143036869,-0.227838484559304,7.384172488500229,-0.245865902333536
1403636676192609846,-0.256072775423607,7.414718024056671,-0.256262124709132
1403636676258819881,-0.309890680331731,7.474984670674626,-0.279719935515089
1403636676307405892,-0.337264564760727,7.528862216617926,-0.299097358263457
1403636676349852265,-0.364475701289555,7.560031182168273,-0.314098693131468
1403636676393742934,-0.39023351270746,7.584198000803354,-0.32816112929642
1403636676441112381,-0.417937675339907,7.610827393622645,-0.344019590978346
1403636676506455141,-0.443567442973456,7.637662537816732,-0.359116410561033
1403636676550695590,-0.472044284467836,7.66330624241291,-0.373809560869868
1403636676639838381,-0.502986088267923,7.72230592516717,-0.394455161564077
1403636676690583829,-0.532210194370791,7.748696344665475,-0.405087193478334
1403636676756933400,-0.596667994621652,7.800299998529171,-0.419701474972236
1403636676800851425,-0.629844464491396,7.825541481773367,-0.424063867933474
1403636676844752722,-0.664611410892618,7.847119153110659,-0.42546374876118
1403636676893381677,-0.699570133026453,7.870818013508832,-0.426000300702098
1403636677038097186,-0.77482850661162,7.971148235305905,-0.435090887191217
1403636677102698565,-0.845161580804848,7.995488068509773,-0.420328587622281
1403636677148616609,-0.882340276834972,8.026710400858653,-0.420012346847474
1403636677193456757,-0.917520489288675,8.049240921205,-0.421774790869056
1403636677259193015,-0.954655427791261,8.070507792040578,-0.427309166964897
1403636677304028439,-0.989931500807204,8.093901092029867,-0.43728084827557
1403636677347695465,-1.0261774695011,8.116269387020408,-0.450472293940421
1403636677501072477,-1.103353404190316,8.219421249023247,-0.492672263533667
1403636677544086640,-1.169665544198504,8.230213271453254,-0.508821765916738
1403636677594758231,-1.203864747580923,8.245212512558755,-0.516608469427719
1403636677637495379,-1.239305162697779,8.266163372912848,-0.52432238082858
1403636677693685052,-1.272113825665781,8.280981467592463,-0.528472001753133
1403636677781548554,-1.33759979385791,8.309401681011472,-0.531964996474444
1403636677857141718,-1.371408261824448,8.33761242691337,-0.534749340416389
1403636677902386977,-1.398898107559598,8.348081076202805,-0.532959573491482
1403636677945755400,-1.427961781655359,8.358780808874316,-0.528780529831231
1403636678006817415,-1.454522783596167,8.368978631031966,-0.523776714693115
1403636678052015086,-1.478667557705851,8.378584777255936,-0.518338431523356
1403636678094815983,-1.503259463342606,8.388280984700605,-0.511912109783207
1403636678143023923,-1.526784430545644,8.398198300788216,-0.505075166728309
1403636678260455001,-1.572304741126726,8.430296605360128,-0.497325777279664
1403636678302197769,-1.59139063435908,8.440822438362812,-0.495107000894249
1403636678346613378,-1.612489435923787,8.45183906768699,-0.493454668067487
1403636678391570855,-1.630422947047173,8.461973256380924,-0.49351578838995
1403636678442099388,-1.64894258860323,8.472970565054093,-0.493739587569457
1403636678505843168,-1.666818892458881,8.485368112313171,-0.492858639570746
1403636678594274680,-1.686916696884888,8.510566331416603,-0.493378851001748
1403636678640589610,-1.703357501497014,8.522713032639345,-0.490070870832753
1403636678692291933,-1.720474607915188,8.534295543988147,-0.483987200455829
1403636678757684513,-1.753416264692326,8.55843772373703,-0.468276429267953
1403636678800903426,-1.769650638579852,8.570791782548278,-0.459160031412832
1403636678844990438,-1.785890833171052,8.581946479482001,-0.450542082306667
1403636678943994621,-1.804549636471585,8.603230478223296,-0.445629391755029
1403636679008367710,-1.837282882798717,8.61954194715834,-0.435424294634572
1403636679052295129,-1.853920656745693,8.626957083224324,-0.433166905483048
1403636679097298774,-1.870069240810457,8.63203075353262,-0.432363119422267
1403636679192198786,-1.887866138284659,8.643423054920502,-0.434374311540365
1403636679259293259,-1.920010819882254,8.648879737300126,-0.439245937521449
1403636679303338192,-1.935094196192833,8.64880006505754,-0.443315534403693
1403636679347435697,-1.951124946616654,8.649278721960728,-0.448500528058619
1403636679393165685,-1.966331521349813,8.649674879108215,-0.454747558564587
1403636679440253704,-1.98115163475744,8.646303475018417,-0.459340506624462
1403636679549682773,-1.994192164590718,8.643604798957362,-0.462652312022511
1403636679593454550,-2.007792623005666,8.639053869288388,-0.46419395260893
1403636679642010008,-2.032274988156637,8.630669500004114,-0.462000632781085
1403636679696315156,-2.043767840397331,8.625640083336362,-0.458293019845152
1403636679767253070,-2.062188150323388,8.619756235775984,-0.446313810529319
1403636679853526675,-2.071897144153886,8.616170014413079,-0.437878915503691
1403636679897457596,-2.079705940461102,8.611502075039818,-0.426833007267879
1403636679941691533,-2.086364981453272,8.607339844457968,-0.414673397916116
1403636680005750497,-2.092191010222325,8.60468734796681,-0.401265436032987
1403636680050408576,-2.097256137332972,8.602654797090752,-0.385768420251304
1403636680093633329,-2.101260886333742,8.59898458824771,-0.369181252147448
1403636680190848729,-2.103140212244522,8.590107585807832,-0.34973882424875
1403636680256943954,-2.104858204257774,8.585496772217875,-0.330026550578788
1403636680300965510,-2.104592592026133,8.57525072009731,-0.289213946332828
1403636680343843167,-2.102486363490293,8.569156987596408,-0.270461859938268
1403636680390962991,-2.098812890207134,8.562070266505359,-0.253142718720194
1403636680510302608,-2.08412837922071,8.5312242039134,-0.221229028922958
1403636680544982175,-2.076460793895662,8.518789869720168,-0.208922319689498
1403636680593249747,-2.067802894838775,8.505116186816279,-0.198715090291358
1403636680641380072,-2.057472860434543,8.490573337091208,-0.18960077399211
1403636680758190333,-2.040719432315544,8.450854932469582,-0.177850807967127
1403636680802874143,-2.027437955977532,8.430255176575697,-0.171087001612406
1403636680846798656,-2.013560741792221,8.4084457762837,-0.165821891754232
1403636680892937423,-1.998350164590623,8.384617883982074,-0.161738045322903
1403636680943500358,-1.967524822048061,8.33543466784486,-0.156316164973138
1403636681008303568,-1.950920349099284,8.308354538057358,-0.15428726323038
1403636681052022037,-1.934182061372796,8.281019389121532,-0.153624138558927
1403636681141280250,-1.911382314835319,8.22363710316449,-0.148037338089815
1403636681190421372,-1.895125897300633,8.191525174119757,-0.149615471300521
1403636681256349495,-1.866084912989743,8.134704695743471,-0.158478095325218
1403636681301236780,-1.852335935550754,8.105234618906266,-0.164514974377153
1403636681344291805,-1.838466089162833,8.075568050030117,-0.171518370319253
1403636681390605516,-1.825624454981967,8.047690480102897,-0.178728318115959
1403636681441074808,-1.812632813174293,8.016843549312433,-0.185164562443096
1403636681550540090,-1.795084465573557,7.960270240902197,-0.184357461654874
1403636681594616597,-1.784285800797818,7.931672184282556,-0.187530926887166
1403636681642845725,-1.763804804877423,7.874384842774837,-0.188079240436975
1403636681697637507,-1.753603740513789,7.846704860604852,-0.186216431258403
1403636681794648770,-1.737618754693573,7.791240477371694,-0.178354887504275
1403636681839685928,-1.726843636019195,7.761469112355457,-0.177033423836681
1403636681890251876,-1.70418755393957,7.701498722766474,-0.177403456403307
1403636681941801787,-1.691917804234569,7.671239444241153,-0.179731056440318
1403636682008013332,-1.679440193866994,7.64101377475455,-0.182047797954481
1403636682093548394,-1.659508321215992,7.579457177284794,-0.177069837266295
1403636682142771672,-1.646250279431046,7.548865482285245,-0.176951851520294
1403636682192288953,-1.632130913292967,7.518735787616113,-0.175548205205822
1403636682257377580,-1.602913202400049,7.45895094623228,-0.166731030597094
1403636682301258504,-1.587486523297758,7.426241727092309,-0.159253457520229
1403636682346395358,-1.571779922186139,7.395752624432498,-0.151431852589341
1403636682442411596,-1.548873633878384,7.333705994347922,-0.137086330211763
1403636682508060807,-1.518189105979823,7.2704204836061,-0.126155728928159
1403636682553130612,-1.50277060725754,7.239800912188667,-0.123124192069804
1403636682596151187,-1.487124046537847,7.210024143098697,-0.121144853668364
1403636682640900956,-1.470751817980859,7.177877824101114,-0.120990627161463
1403636682690803671,-1.455837982042209,7.14745486440491,-0.12105775195295
1403636682756045328,-1.440034420327479,7.11577978778227,-0.122745469737524
1403636682846136034,-1.418584643984112,7.055145940331588,-0.11878994028091
1403636682890940067,-1.402726809314309,7.023064296801228,-0.122075676056107
1403636682940752524,-1.387360915471867,6.992144151167357,-0.124318356554731
1403636683006622251,-1.355697070939998,6.932319137142837,-0.125130450106119
1403636683050489254,-1.339158962450387,6.902514311293058,-0.123298445586
1403636683094413245,-1.321849946166415,6.872098475084296,-0.120166793735748
1403636683193949361,-1.29793706972198,6.809552203316758,-0.107873594627683
1403636683258922179,-1.260156417467707,6.748864314041184,-0.098639419725088
1403636683302699629,-1.241087053523509,6.717632511148777,-0.095536153380642
1403636683346543302,-1.220073706412844,6.684257022126855,-0.094034528749467
1403636683393741306,-1.199838110765121,6.651496118604478,-0.093575827289132
1403636683439464860,-1.17891301330198,6.621439989687974,-0.095238306524045
1403636683550031531,-1.151941488663055,6.55751329946539,-0.090090494127424
1403636683593649519,-1.129979741201206,6.526847438065056,-0.094576669455434
1403636683641785650,-1.08393460973542,6.463774396589429,-0.107008724743464
1403636683697838669,-1.061215109907384,6.43241107229075,-0.11394484398647
1403636683762690781,-1.032776320859949,6.369153090723327,-0.114089250557309
1403636683805839455,-1.00951939260817,6.338196034529219,-0.12319077743439
1403636683850502732,-0.986843323609768,6.307154332052912,-0.131887785088494
1403636683894261987,-0.963560477355885,6.275988368606647,-0.141055477828013
1403636683942520529,-0.939241598163023,6.24414373698722,-0.149040108167447
1403636684008178827,-0.916431277985151,6.21363819044719,-0.154698732667194
1403636684052237935,-0.893176355550311,6.184429830676714,-0.159344323789246
1403636684141501620,-0.866375194776173,6.125063170557116,-0.1533331645392
1403636684193056579,-0.84330718469797,6.094835914153657,-0.153342339461005
1403636684257956800,-0.79809107766792,6.035639308430706,-0.147549779515639
1403636684302711467,-0.776326056224865,6.005531925387765,-0.141958477664174
1403636684346452110,-0.754491391744226,5.976818183289307,-0.134926333925047
1403636684393541422,-0.732687528643936,5.948464874174204,-0.126361925744293
1403636684506725047,-0.706498729384468,5.887726832445545,-0.108184390182992
1403636684552651410,-0.685482009901859,5.86019051800063,-0.099695389260651
1403636684594515106,-0.663369894261482,5.83244203220146,-0.092245361485813
1403636684640479014,-0.641262194450537,5.806151540395541,-0.086866134102332
1403636684691162484,-0.59575098580146,5.751364014960195,-0.080142587051752
1403636684756235967,-0.572539648099696,5.72590479419579,-0.078990684572672
1403636684800659037,-0.548692543450153,5.699065073469745,-0.078990942519125
1403636684891322023,-0.523754938538321,5.649717490987961,-0.073782786038195
1403636684940510796,-0.506567085902748,5.625543637452865,-0.0801072001198
1403636685006483213,-0.447149610430257,5.577201169637766,-0.088264529637424
1403636685051142190,-0.421826230071036,5.555051166798003,-0.096035386112792
1403636685095629629,-0.394835303386235,5.532473581807391,-0.10522362040751
1403636685142733641,-0.373748366613811,5.509418988182293,-0.114137615759846
1403636685260181941,-0.310637603843232,5.447522303717939,-0.117799738558291
1403636685302816530,-0.284203409228662,5.426442942359167,-0.119761208295237
1403636685347788758,-0.25559683462121,5.405595259470181,-0.120858757461951
1403636685391598360,-0.22772144211314,5.382998211453334,-0.120219530279195
1403636685443070204,-0.198170918702378,5.362773740893453,-0.118383220913043
1403636685509766441,-0.169302171481933,5.340014985160192,-0.113964267575485
1403636685598380257,-0.138719909334211,5.297076833299923,-0.103356977747122
1403636685641856875,-0.110107656618832,5.273925909224606,-0.099199622122881
1403636685697476519,-0.053024068020718,5.229737482437014,-0.096168342165945
1403636685764331172,-0.023619940695069,5.20664668660097,-0.097145641768241
1403636685841039660,0.034983280632172,5.159605981487893,-0.103533322205843
1403636685941634034,0.063913290713161,5.114714766981711,-0.102141638329939
1403636686011043727,0.123253667676591,5.065017274969984,-0.116528694336554
1403636686080818397,0.181281788540939,5.014517272468668,-0.134043453318619
1403636686134494647,0.210296574005215,4.990104036699625,-0.144022145392298
1403636686182036892,0.240003317137889,4.963600110462294,-0.15313051229723
1403636686262469022,0.269165542589054,4.91832547236774,-0.154576310598541
1403636686305140135,0.296354109306254,4.89301423868177,-0.159151779658435
1403636686349645571,0.325801952912162,4.867629050743572,-0.162925635729063
1403636686393252664,0.353792060638941,4.841959604385602,-0.164102929689242
1403636686442369875,0.381718522768149,4.817525553608507,-0.164213676478092
1403636686507238992,0.409254456025928,4.792567018119219,-0.162309202020836
1403636686595089127,0.435473712196292,4.747076331078565,-0.15202144059275
1403636686641090790,0.461591640921554,4.724267773401808,-0.149352896505459
1403636686693702070,0.487218477179272,4.699170769150562,-0.146792395288367
1403636686760256913,0.53877833101802,4.649747453820209,-0.146966312757093
1403636686803975981,0.56250111324425,4.625787845766474,-0.149366005773391
1403636686847754563,0.586616605360977,4.602076242732345,-0.153442758944378
1403636686892992011,0.60936052742063,4.579119187279609,-0.158395971242207
1403636687009657510,0.630175161289429,4.539116838786426,-0.157371008205599
1403636687053334325,0.652345425020219,4.517269255373801,-0.161510956196608
1403636687097235071,0.674260359741228,4.49390400911586,-0.163598311801211
1403636687142130183,0.715262135047677,4.450120062153672,-0.162730379579277
1403636687194475447,0.735494973376022,4.428539291124713,-0.159608569631709
1403636687259262380,0.754637318975474,4.408589284355806,-0.155184298936122
1403636687341718474,0.770950951037323,4.370335120409406,-0.14287128798858
1403636687390177093,0.790601711921075,4.351430559060416,-0.137695717523314
1403636687439384131,0.809795460672246,4.331247187052217,-0.132946330015278
1403636687505452044,0.847922582591505,4.293025151388934,-0.128464080997162
1403636687549492984,0.866775489033489,4.273111391021508,-0.127974627699968
1403636687593415078,0.885900791036533,4.253468059176527,-0.129156202481812
1403636687641266133,0.904205847518306,4.234443249397825,-0.131682199941739
1403636687750671488,0.94016335445522,4.187796623562138,-0.138484430653234
1403636687795535116,0.958844916850208,4.170704749459971,-0.146026363551951
1403636687842743254,0.978047961530124,4.153672299255329,-0.155504160832489
1403636687892945524,0.996772217982863,4.136257289107803,-0.165807653586704
1403636687940003502,1.017719475914423,4.119023617910159,-0.179342603222555
1403636688004956836,1.035491534042774,4.101852547457407,-0.191457174224433
1403636688094163839,1.055308717128278,4.080914112182712,-0.205578348767935
1403636688141084248,1.073359941788023,4.065610432842451,-0.22014031984806
1403636688193672255,1.11460122203821,4.03342077893423,-0.256116898284493
1403636688258172121,1.135095861941013,4.016532917618638,-0.273856310962319
1403636688301894850,1.155104715967587,4.001445636300083,-0.289853257187509
1403636688391443845,1.17483678687651,3.983813479800151,-0.303632600590209
1403636688441286026,1.195032029345712,3.967438457997643,-0.31637630906438
1403636688506834980,1.235705496094296,3.937309594523156,-0.33717930651056
1403636688550838508,1.256646563458897,3.922543432934699,-0.347160258400551
1403636688594832783,1.278015845919495,3.906101974571397,-0.357539753979325
1403636688640119890,1.299137221892444,3.889136356739591,-0.368744616484401
1403636688756889155,1.340405304036744,3.853754016519834,-0.393463531894227
1403636688801791397,1.361342161801297,3.835792136895567,-0.407819861054956
1403636688845674512,1.383077014350354,3.817654431886977,-0.42378956536135
1403636688891865732,1.403624916592895,3.800900665989821,-0.43968026803782
1403636688943680363,1.42540420401994,3.781615833096966,-0.456785151128499
1403636689009942704,1.44680180917433,3.761880304493205,-0.472179646281777
1403636689092889489,1.465310965621478,3.739428976283518,-0.482996501779477
1403636689141081708,1.486067172668936,3.719129924491791,-0.494404796607491
1403636689192778124,1.506365670680167,3.697661166258622,-0.503384196887245
1403636689257365622,1.54692320888878,3.654778395438081,-0.51551811407913
1403636689301466137,1.566989355405225,3.63315152275344,-0.519258220171215
1403636689345762319,1.586587604586673,3.611125619393944,-0.52148883938254
1403636689391815075,1.604450089860416,3.589532884213632,-0.521759631055994
1403636689507006213,1.635272145882871,3.535593007744482,-0.511513487930289
1403636689551846097,1.652468934299225,3.513276087013502,-0.506089651906908
1403636689594650916,1.667581103431424,3.491685487109661,-0.498645341322253
1403636689642549872,1.683589403175372,3.471319429361639,-0.490225199933217
1403636689870728865,1.72180197827315,3.370545353339934,-0.431330040924919
1403636689936850650,1.741523031213987,3.339706944849112,-0.414493113729705
1403636689981881791,1.746685028834349,3.31968395692352,-0.40495038935249
1403636690069461500,1.744068900830411,3.288199787700194,-0.389292663365481
1403636690113099894,1.745574717519686,3.271321446011971,-0.381905402176358
1403636690158214641,1.747831955594455,3.256555077380629,-0.37673432761092
1403636690201686495,1.747393561737,3.241776498839408,-0.371852285525153
1403636690258246099,1.745361402690969,3.227247367098153,-0.368004543610099
1403636690302133805,1.742069116825768,3.214297142159171,-0.36479604262355
1403636690346123690,1.736888431931125,3.200988261541366,-0.361759063319335
1403636690393161368,1.730114815505893,3.189458733661128,-0.357143150690844
1403636690467177918,1.715871017143037,3.167631934125184,-0.344245640094569
1403636690511698278,1.706175626108599,3.157284457166631,-0.335922974630585
1403636690553789977,1.694980300615123,3.14804223116996,-0.327080639041217
1403636690597526381,1.682327881395497,3.138661864061486,-0.317608101925323
1403636690642632000,1.668684827722145,3.130613332033293,-0.308919548661832
1403636690716727072,1.63822656953104,3.116686807814279,-0.294961016643026
1403636690803868922,1.615071372751907,3.098835057434752,-0.283196099027738
1403636690848939709,1.596884689296013,3.093900293502475,-0.279586801314351
1403636690892600925,1.578299444150107,3.091129296278735,-0.279037908900126
1403636690940698031,1.558018400102025,3.089430384675613,-0.282342573832346
1403636691006770678,1.537011104920372,3.088282092840566,-0.289465542999609
1403636691050727705,1.514911472499767,3.08770548529016,-0.29843199515984
1403636691094796909,1.49272347969741,3.090024243689189,-0.308658523951306
1403636691194068161,1.470797683128944,3.096152251356175,-0.318261159988686
1403636691260211782,1.426262598665485,3.118762451126532,-0.332135604577966
1403636691342120202,1.387185364465182,3.15289246533392,-0.335614701002665
1403636691393855436,1.368615961946623,3.173231750503768,-0.33366417027967
1403636691763365597,1.302438507050991,3.40522251810092,-0.27546607241708
1403636691796185694,1.298674627271706,3.445275575144243,-0.258144120231873
1403636691905729006,1.293179983421437,3.516288371568188,-0.22393270985095
1403636691950559566,1.290243818915182,3.551380906899112,-0.206884577751739
1403636692007465622,1.287510179012154,3.58510428294041,-0.191966699032172
1403636692050985628,1.284478850352226,3.617245099807771,-0.177665992887231
1403636692094870778,1.283033375767311,3.65284173468599,-0.166732559230562
1403636692140985532,1.281968105756974,3.688139290583032,-0.155740551723258
1403636692258723752,1.288457086821723,3.777689492223726,-0.145195176049225
1403636692302548372,1.288964828999011,3.810714682932942,-0.134391126915976
1403636692347554693,1.290496788710565,3.845203730795186,-0.121637177161342
1403636692394709660,1.292093355799926,3.878058677120805,-0.106886896663506
1403636692442822749,1.294008873954694,3.910596584988302,-0.08942595895811
1403636692508702897,1.296525360471446,3.94300795484856,-0.071253456625449
1403636692595784443,1.306211616290165,3.994896132618566,-0.059873502287339
1403636692640665641,1.309771824443084,4.027368091530114,-0.036599363118184
1403636692694380004,1.314302263542198,4.059485974357092,-0.012689366318286
1403636692759054345,1.324038034624242,4.120779937679127,0.03916033596791
1403636692802771037,1.329413852507856,4.15206185805194,0.067065011347741
1403636692846746419,1.335191731630658,4.181589401947571,0.094367651094657
1403636692891888444,1.341260906477523,4.211193026430612,0.123094297742935
1403636693007726004,1.352078905386229,4.253148720681075,0.144686779180667
1403636693052939498,1.363957706377134,4.30174394645183,0.193399522227905
1403636693095638460,1.369984284676378,4.325094715093142,0.215744285642539
1403636693140561168,1.375682043012789,4.347355666143197,0.238352750350085
1403636693190226104,1.381377272932906,4.368742170140992,0.258509351837943
1403636693257225966,1.390830073613658,4.399570679271044,0.274497075036138
1403636693301045260,1.396761772803092,4.417851312493267,0.292520126072441
1403636693345499684,1.401932647845546,4.433786448143614,0.309393195517139
1403636693394086804,1.406483735422239,4.448121635872163,0.323919782885393
1403636693441183199,1.407374396149935,4.464125296541394,0.336538528713582
1403636693507164004,1.414116246541789,4.475549613775995,0.347153629285477
1403636693552178113,1.417764276278924,4.488226761189434,0.359012373141008
1403636693643691006,1.422509451249079,4.507992488423809,0.366316868890344
1403636693696466237,1.42300133192923,4.517587888969901,0.375126908211739
1403636693761944283,1.419897111618256,4.53610866169879,0.389493313042842
1403636693844003427,1.410621494277541,4.552459636962523,0.40063796572874
1403636693892739151,1.404202542624872,4.560852658220571,0.404959431070061
1403636694009558502,1.396532191184971,4.570464504678566,0.408387422581152
1403636694091090885,1.376013262299663,4.58333101314329,0.413824478853065
1403636694140596373,1.351061818461549,4.59464297329319,0.416739629698251
1403636694191195900,1.338052336007112,4.600580161543116,0.416723471450311
1403636694257749330,1.324323674083599,4.605453973143954,0.416027758116928
1403636694345702546,1.310899640803503,4.611266954823693,0.415356595974892
1403636694392034865,1.297191514192299,4.616378691531808,0.416087892002899
1403636694443271971,1.271190857464568,4.626186833354339,0.422583613772126
1403636694507157488,1.25874299729214,4.630753054422942,0.427596586187706
1403636694550085269,1.245885863579668,4.636076956847602,0.435614869859931
1403636694642679863,1.233745791102213,4.640941699270244,0.442697638347643
1403636694693484474,1.222777529751032,4.646181819985967,0.44833379603092
1403636694758623058,1.199312506837801,4.655235171262256,0.456704942230387
1403636694802369671,1.188308489579055,4.660484044459868,0.458116243526049
1403636694846074917,1.177092620121371,4.66435894418788,0.45800078761614
1403636694894218695,1.165544822749824,4.667989451022987,0.456554309511655
1403636695009351695,1.155283195553409,4.675034218308377,0.45308455246725
1403636695054228429,1.144251140253179,4.67999912211605,0.449032868687874
1403636695097828427,1.132404067340548,4.684855628481274,0.443771167542963
1403636695141692706,1.121824183848575,4.689303695882072,0.438215587086754
1403636695192234783,1.098729939632488,4.700037666424749,0.424387393603313
1403636695257807374,1.087508962120422,4.705421817942605,0.418144458163209
1403636695301735060,1.076507386149123,4.711062498861472,0.413393708928992
1403636695392002667,1.065953410265046,4.722026366094084,0.409522956025033
1403636695442423710,1.054772213621988,4.729553693014276,0.408508221901091
1403636695507841403,1.032064622202219,4.743959336915045,0.412889854484692
1403636695551948697,1.020724800097637,4.751627705525279,0.417369564938708
1403636695630215059,1.010784345440954,4.765224075550035,0.421773616788857
1403636695688397899,0.989454399322532,4.775769800905483,0.434840587169418
1403636695768730226,0.979852033450659,4.785979794877672,0.438967973580444
1403636695813524112,0.970078635576032,4.791882835457655,0.442497239535615
1403636695858415426,0.960652628662406,4.798389381528208,0.444469221579007
1403636695900972530,0.951869812694304,4.80448555983828,0.445264335911617
1403636695944899909,0.942566386685187,4.810447655552775,0.445076058576896
1403636696007500765,0.934326232822779,4.815899739726299,0.443602176678716
1403636696051583072,0.926583654360653,4.821044871954143,0.441244663500831
1403636696095939494,0.91871101178581,4.825971698363802,0.437853752512094
1403636696195356877,0.911600446339891,4.833499881990009,0.432822996544205
1403636696261166699,0.896317268040462,4.841019328555699,0.420989197126785
1403636696297207231,0.889678518079053,4.843929267428621,0.414555983145665
1403636696350133972,0.882326811498168,4.846684988249861,0.40694026518011
1403636696392630763,0.87504626714719,4.848317363009281,0.399119819448255
1403636696443727487,0.867911406066181,4.849734752446566,0.39057499066779
1403636696553979855,0.860997039651259,4.85387054459745,0.380547851381014
1403636696596962019,0.854557811642175,4.855010904438813,0.371561618604029
1403636696641008455,0.848619556429131,4.85619842371152,0.363255671098671
1403636696690525519,0.838051735138243,4.857273026751628,0.351168057482693
1403636696756310618,0.833508108454704,4.857272802248053,0.347866340995311
1403636696800125001,0.830105622773246,4.857519658631976,0.346451459030865
1403636696850152134,0.827456920772288,4.857984638863373,0.346506563532066
1403636696940217205,0.826021692454321,4.858378671139762,0.347137621218178
1403636697006957452,0.825013700163227,4.859288945513307,0.345862417465187
1403636697050649839,0.825454989343497,4.859665641743701,0.343380121264441
1403636697094513120,0.826812941643479,4.859615988555606,0.339769052286259
1403636697140758810,0.829259173123763,4.859136709294224,0.33515145524595
1403636697192290406,0.832271269717027,4.85726199145738,0.329494567671537
1403636697301383808,0.835957350582209,4.854443761366661,0.324766331674652
1403636697345285673,0.840747134919139,4.850750024512789,0.321552394971931
1403636697395527149,0.846781086457324,4.846235910357736,0.320184171261488
1403636697443073703,0.861221150262187,4.833344537846759,0.324881557360186
1403636697508162755,0.868757877106005,4.825033786195032,0.33063003444243
1403636697553357209,0.877846484241821,4.817898523181511,0.338172589966283
1403636697638500650,0.884317105694811,4.791758370326833,0.351707945522967
1403636697693596253,0.905596917312404,4.77452902935032,0.375096829563527
1403636697737439047,0.91690224096121,4.761155018683244,0.389657760517842
1403636697782440511,0.927332785279999,4.746499930793548,0.402749802963344
1403636697831923655,0.939264772959914,4.731400593918493,0.415451816708178
1403636697913057799,0.947304470776601,4.700586702436745,0.429423443749335
1403636697957932439,0.958091539835848,4.684693523109739,0.438128312291242
1403636698007182902,0.968484523676788,4.667542680101913,0.445741505162293
1403636698050936327,0.979348753592697,4.649942980439656,0.451997203555216
1403636698097356155,0.989672188670005,4.631068742468536,0.456930926514654
1403636698141886137,1.001649304695791,4.613419594644723,0.459784052155557
1403636698258248195,1.007688941363601,4.578667016325102,0.464918238728931
1403636698302908676,1.018257856803125,4.559567807096478,0.465044459901483
1403636698346517042,1.02819216745076,4.539485449501322,0.465047982215858
1403636698393632500,1.03827065863517,4.519737448525022,0.462274533687518
1403636698441744269,1.048477182455352,4.498704216675013,0.458857816008821
1403636698506070211,1.067043584111773,4.456362613978993,0.449745695644207
1403636698550333548,1.077182574400305,4.434410073518579,0.443156928751566
1403636698643681660,1.082534904532875,4.397419422418364,0.439818364026399
1403636698693291698,1.091336708184925,4.374285874865826,0.431986499598658
1403636698759367081,1.108389497080817,4.330447994628854,0.413705021116686
1403636698841448322,1.122849397067576,4.285112482086041,0.392431881949841
1403636698891813923,1.13010910032341,4.260043831965849,0.381334451197263
1403636698942108104,1.137364315989285,4.236366080804138,0.367824211724193
1403636699052514549,1.139649808566811,4.197797212227819,0.358067212854825
1403636699096885373,1.152312536272323,4.152059329276894,0.329488716946238
1403636699144250139,1.157612458856773,4.128906710528284,0.317607141097742
1403636699194791568,1.162317259329702,4.105416195469478,0.308045402358673
1403636699260988059,1.16721933266812,4.083296319809051,0.299944958344326
1403636699347849587,1.166314174956486,4.04559296363275,0.299569851645455
1403636699391348449,1.170377876673627,4.023719219835205,0.295528233734697
1403636699440669876,1.174386836314282,4.003190581848272,0.292450280019449
1403636699506706421,1.181173574055853,3.964055527959635,0.29177500112487
1403636699550421777,1.184862079884811,3.946074356894706,0.293486038598957
1403636699594256433,1.188275828295509,3.928559790617169,0.296517768585403
1403636699643603979,1.192365818930502,3.912998832179409,0.299546070579814
1403636699762818462,1.197207677317292,3.87438734958409,0.306455352091674
1403636699802416246,1.201331848130456,3.862171826768318,0.306383957227616
1403636699846531397,1.206164676722808,3.851445729491347,0.304838797529193
1403636699893829897,1.210685804467755,3.84158537153479,0.302310611137336
1403636699944430670,1.215156335976027,3.83352052384482,0.298535563523437
1403636700009473543,1.2196844341245,3.825244604628606,0.294210598275229
1403636700097020645,1.22403265646528,3.81579725706908,0.289537430060201
1403636700142484316,1.229678390632063,3.810897135352276,0.283296663825233
1403636700192411900,1.23534723345926,3.805714510292476,0.276277051823775
1403636700259297687,1.247644338408142,3.799639122464913,0.259724281665891
1403636700342285332,1.261155467852462,3.794216024454884,0.240053079858453
1403636700391678091,1.268521272272475,3.792425565373928,0.228791832053238
1403636700507264768,1.286117512578981,3.7971437592243,0.201309964121174
1403636700550968805,1.295362419813156,3.798687394304163,0.185868562914912
1403636700595862735,1.30458592507508,3.799815357096809,0.169403016592384
1403636700644239595,1.313892444724346,3.800616348178844,0.152301256825719
1403636700693533643,1.324193393067686,3.802565246378739,0.133352127562415
1403636700759892586,1.334683837730885,3.805418880326172,0.114243998486664
1403636700847893205,1.349952173075276,3.819061966025092,0.089630303465539
1403636700894095978,1.361743082367227,3.821716765216692,0.068716490381084
1403636700942768231,1.37432854770286,3.825498730078052,0.048837183911158
1403636701007835720,1.398770281457786,3.833392336815832,0.015831646859217
1403636701052826743,1.412062111273868,3.836769881565629,0.002053135832374
1403636701096553047,1.425299347725782,3.840914178054909,-0.009672784300077
1403636701194794913,1.442493503158602,3.855187907589755,-0.023589264053847
1403636701260570660,1.469759813790392,3.865275267847965,-0.038333662667587
1403636701304209415,1.482633184065453,3.871287348702191,-0.042445959103641
1403636701347787346,1.494683238038564,3.875290985494202,-0.043723828180637
1403636701391768644,1.506490707189998,3.880170383767342,-0.042973762989888
1403636701525257657,1.535901994445041,3.91094210617683,-0.043181923030819
1403636701569569662,1.556500810198184,3.92009872737341,-0.031209293596543
1403636701665683986,1.570810803737931,3.944741096215499,-0.032670581207223
1403636701712844954,1.577183018354933,3.949009493536077,-0.023948779412386
1403636701760948591,1.587131173088217,3.960494441370421,-0.019426580552729
1403636701801448179,1.596095699069128,3.971076723438339,-0.015239285523328
1403636701844834752,1.604407380166843,3.981748903802211,-0.011449552435602
1403636701890741648,1.612714196781873,3.992261554729879,-0.008036781823088
1403636701941986213,1.62085803629257,4.00255173171091,-0.005344617660088
1403636702007700739,1.62909744646005,4.013297400661459,-0.004343595549115
1403636702050955728,1.637095753986485,4.023371529633025,-0.005374312187208
1403636702140229690,1.650948136988972,4.045021834892907,-0.011837108960619
1403636702196377170,1.658538212711318,4.056750141536447,-0.014977737952843
1403636702257512418,1.673911678862282,4.076176811859619,-0.025693497915091
1403636702301672287,1.682602858112579,4.086744663859326,-0.033761675659146
1403636702346988975,1.691376126380247,4.097960932390138,-0.043042593155648
1403636702391635541,1.699902254673368,4.108635901878794,-0.054004845125493
1403636702507182161,1.714486063895098,4.134991474168428,-0.071407037380905
1403636702549848289,1.722380150074776,4.145388370109533,-0.08372005347617
1403636702594051203,1.729667659465862,4.154476868421614,-0.097062923793413
1403636702642261258,1.737619984452261,4.166081987222957,-0.112050563899195
1403636702692336778,1.752068325354453,4.187766356760543,-0.144350252056692
1403636702757367403,1.757927262441404,4.196957176452378,-0.161631364182639
1403636702845892511,1.771602615746988,4.22695853103049,-0.187944980772732
1403636702892571968,1.776862455179552,4.238667592541109,-0.208019311135462
1403636702943887207,1.781667691381353,4.25132178715419,-0.22896628946634
1403636703010322148,1.788494121325267,4.277178127031243,-0.274773415314209
1403636703093212904,1.792560196583515,4.305639281500446,-0.319269060491238
1403636703142586783,1.793120961922921,4.321099690026085,-0.339852653712247
1403636703259463815,1.80074524273545,4.354599584028692,-0.365726069135501
1403636703303348328,1.800215356446584,4.371051241440386,-0.382131396282339
1403636703346680668,1.799456349091837,4.387353730935322,-0.396333229229627
1403636703393333147,1.799391218755626,4.423993436530772,-0.419282494907956
1403636703443889119,1.799284596270421,4.441518316529592,-0.427248126063249
1403636703509828855,1.800708300955076,4.460069567912345,-0.434079422499855
1403636703591493759,1.807398069473591,4.493195556402036,-0.445265907928984
1403636703711890588,1.819820963843468,4.554620550711543,-0.460822752274759
1403636703763380893,1.82015966419496,4.580723130761379,-0.453669682447546
1403636703799834719,1.823018817555107,4.598462601002231,-0.450093880699106
1403636703868349497,1.827997235949112,4.621572271152621,-0.448173918220472
1403636703934211377,1.829997888693648,4.646426379523605,-0.439311290698921
1403636703977924310,1.834005522148704,4.666419822646914,-0.44009880336397
1403636704066234027,1.843624880326003,4.700863727468307,-0.447907641391389
1403636704109797595,1.847480860703948,4.71990952844351,-0.451079227807441
1403636704154624062,1.850263880264238,4.737184876403457,-0.453968989324828
1403636704198344699,1.853824029086448,4.754790156848628,-0.458100715434476
1403636704259876182,1.857247894781151,4.772083112502141,-0.463112835799174
1403636704304118799,1.860865468300362,4.789937280612686,-0.469365527503872
1403636704347362288,1.864050188169614,4.8066229761794,-0.476069867376382
1403636704392260484,1.867975984633362,4.82476105903682,-0.48412565267827
1403636704507108835,1.882303863263371,4.878733780547052,-0.50694858614702
1403636704550897718,1.885633294400411,4.897044057357777,-0.512338807087385
1403636704595858990,1.88872067331572,4.915303700517825,-0.515275752036303
1403636704644475095,1.890809594409429,4.933678473409271,-0.516049774906605
1403636704694084181,1.894267555953324,4.957427251925777,-0.516377894420674
1403636704758877285,1.895870897571073,4.978352249780665,-0.514075594101605
1403636704847664317,1.902275757900858,5.014439206639432,-0.517784570723255
1403636704892809456,1.901758078788737,5.035680632010361,-0.51657054213603
1403636704942072518,1.900393112627018,5.057716287590126,-0.516959387809387
1403636705008601686,1.896160848404219,5.106887812856852,-0.523322821615877
1403636705051484308,1.891690936267291,5.132663356836495,-0.528467807114179
1403636705095311306,1.886802891195797,5.160145379612866,-0.535342681632477
1403636705142789901,1.880360274167454,5.18680281549067,-0.542764216901631
1403636705260314988,1.871706744212156,5.270635884156311,-0.57082539794167
1403636705304194642,1.861386670790151,5.299929087018176,-0.580387813195966
1403636705347064098,1.850305338267075,5.331532589306084,-0.590308343486331
1403636705434600535,1.821675903258598,5.395464094123915,-0.604629020409974
1403636705508383957,1.81503962452169,5.448970918113558,-0.617302221325219
1403636705550603232,1.799260461781085,5.488352487945336,-0.621804123163613
1403636705594123295,1.782840560140788,5.522263915711208,-0.623235376565066
1403636705644443870,1.763804353567763,5.555034383058208,-0.623632197798737
1403636705698954106,1.744694282066274,5.588256910263214,-0.625426869775471
1403636705763948774,1.731615905864226,5.643532616707393,-0.63714330149462
1403636705802053985,1.712874159599646,5.676177360833245,-0.642323987193068
1403636705846073343,1.691757387944021,5.712033651043865,-0.649324115045588
1403636705893578300,1.671110544555116,5.746167169984688,-0.657165473997425
1403636705944396730,1.648069948067989,5.781633826959705,-0.665820525798804
1403636706008939263,1.625360995452763,5.819028996402566,-0.67450253507581
1403636706097676719,1.610952873966518,5.8818119168169,-0.691269910566615
1403636706143053623,1.588707689742,5.917936505154101,-0.69619540701437
1403636706193182016,1.567079462041116,5.955382897212477,-0.699629361777031
1403636706259817305,1.524958701860178,6.028515736093596,-0.700207577956752
1403636706340371950,1.487403863933438,6.102755207430918,-0.701947130777167
1403636706391919853,1.468847614654685,6.138930428782828,-0.704735029356669
1403636706507693003,1.437632376163894,6.236138825675027,-0.724116356215083
1403636706580518681,1.402438610576722,6.304657758916716,-0.740014392064495
1403636706626458795,1.384403332539481,6.338355885635768,-0.747877765673921
1403636706669215472,1.36720109163135,6.373000823711884,-0.755342976187869
1403636706758570393,1.355045139925869,6.434069582995662,-0.770442026810422
1403636706801972830,1.335976909311212,6.466133751877402,-0.773532885541755
1403636706846255865,1.31629095999989,6.499656759701336,-0.775600461132644
1403636706894373501,1.297751434162818,6.532226759577456,-0.776336579446259
1403636706943721769,1.275694787001984,6.566094370687193,-0.775006613812823
1403636707010901993,1.258544815341177,6.623286632917353,-0.780849861882113
1403636707098140772,1.235798864611324,6.657732621512391,-0.777409640155148
1403636707143805245,1.189560390604822,6.723831727070015,-0.768379187098199
1403636707193898629,1.166804478759823,6.758986053445743,-0.764708317402893
1403636707259824052,1.140355274620015,6.793206732039661,-0.758859418098912
1403636707341694592,1.120995638362549,6.849653392622034,-0.762334012814015
1403636707390956946,1.09393913681784,6.883612407978543,-0.756546979372637
1403636707443827991,1.067041676202087,6.917487773498236,-0.750389468579924
1403636707512815698,1.011437178360165,6.985204684920229,-0.734034133140597
1403636707593170185,0.952170332763859,7.055073389530572,-0.709986812238577
1403636707698362175,0.922595728346815,7.114549612649539,-0.701058070518509
1403636707762777881,0.861813344448945,7.183774505883114,-0.668210057408777
1403636707831706477,0.796433089937423,7.253355737743075,-0.636076606192552
1403636707882124526,0.764585040695463,7.287405064919055,-0.624495393437259
1403636707937834889,0.731091906540566,7.322639427818733,-0.615850229104205
1403636708010046336,0.701775170712611,7.387247822736568,-0.619178543079939
1403636708052689495,0.666682433248373,7.424626640557547,-0.616652706255634
1403636708096759811,0.6342556507073,7.461621788289154,-0.617598864980034
1403636708144938913,0.601632885666216,7.498747287375308,-0.621198120035809
1403636708194976961,0.568811380657599,7.534198576054677,-0.626481136474156
1403636708259351206,0.535757676084976,7.571945316469088,-0.634166622774627
1403636708302885067,0.505843628725666,7.608008094147333,-0.642799029848687
1403636708393727523,0.473877206740104,7.679481708250187,-0.662395775674936
1403636708443492315,0.442399018588036,7.717747995429802,-0.673582165194575
1403636708510560221,0.381012960791845,7.793180892416448,-0.698032623587391
1403636708594248978,0.325771684197841,7.864448297896808,-0.719684404445401
1403636708641149212,0.297189903164623,7.900611849072406,-0.728186458024777
1403636708757498377,0.249595121045234,8.008479495676944,-0.749601917037046
1403636708836967318,0.203161351143785,8.080127946159099,-0.758102300844461
1403636708874234721,0.181867835363866,8.11430640352171,-0.763968705587555
1403636708919374528,0.160296774376117,8.150108075913785,-0.77126165818293
1403636709007800224,0.140441546842909,8.21820380028279,-0.78901878577194
1403636709051885080,0.120509194153875,8.251414509762641,-0.797649088875605
1403636709096181766,0.101112015740977,8.282624822868481,-0.805802082498488
1403636709141229294,0.079829525794896,8.314094529288134,-0.812918914366384
1403636709192106995,0.061641750525583,8.344813338588422,-0.818720180805476
1403636709257096310,0.040940352365194,8.372145840342078,-0.821660718940198
1403636709345340258,0.021229566848905,8.42480158739421,-0.830374334491847
1403636709393406384,-0.000707198971448,8.451038531471355,-0.829380419677029
1403636709442254852,-0.043940092911514,8.498440270408125,-0.822502223705912
1403636709509136169,-0.065818290312417,8.521225467652766,-0.81825182091523
1403636709553252012,-0.08835134056859,8.542692436404868,-0.814769567063841
1403636709641783965,-0.112583200524671,8.583045647016709,-0.817738780941846
1403636709697093908,-0.137104808714606,8.602471774432695,-0.817363139222312
1403636709762331255,-0.187153268907422,8.638599414365462,-0.822023676523889
1403636709842873569,-0.240994567669819,8.672850230192157,-0.83222610881472
1403636709942218664,-0.268180967419181,8.707484621289098,-0.843007618250862
1403636710009069632,-0.326003886994626,8.737763074468198,-0.854084849414674
1403636710052410950,-0.357207050923828,8.752148818608482,-0.857714331034501
1403636710096210109,-0.386746328778934,8.766782010755822,-0.860300885273228
1403636710144704482,-0.419721943135363,8.779642180302584,-0.860808435805414
1403636710258122070,-0.486778236985785,8.817176632579082,-0.862593027797823
1403636710303411363,-0.51962630879705,8.828129327061335,-0.861156192604886
1403636710346820852,-0.55644679242498,8.838951393626385,-0.862709708133279
1403636710395199512,-0.58966592024725,8.849190531536125,-0.866792230850271
1403636710442310554,-0.627839297906572,8.859283590747728,-0.873544311150311
1403636710517370763,-0.661356176271869,8.882884466680595,-0.884822902903645
1403636710556270919,-0.697473484312081,8.893121665207719,-0.894408117499703
1403636710600580755,-0.731926055314433,8.902111609256785,-0.904740685078528
1403636710644353066,-0.768197745588982,8.909383774287893,-0.916508684037788
1403636710691622526,-0.801564053384396,8.916715947774879,-0.92846610759172
1403636710757253346,-0.835827983336636,8.924327784487906,-0.942431835586009
1403636710801071962,-0.868692992025137,8.931821926185037,-0.956819469438801
1403636710891604536,-0.902041811674996,8.954407006045468,-0.976308878066987
1403636710943422351,-0.934056964770387,8.96024917070528,-0.992292722743956
1403636711009110356,-0.992949462751987,8.975324374605,-1.02029500846381
1403636711054045516,-1.022338035479742,8.983322392977803,-1.032139646921306
1403636711097786988,-1.050171698354322,8.98989454657848,-1.041930369805937
1403636711143717691,-1.0779321880141,8.99685660876299,-1.050075097043361
1403636711261183995,-1.133602834177516,9.017557678164986,-1.063697609823231
1403636711304852688,-1.160227945009043,9.022592418054574,-1.067236796945311
1403636711349712958,-1.186961871796742,9.025687960208474,-1.069915773170167
1403636711393626610,-1.213404102173887,9.029837133195764,-1.072448884418044
1403636711441834082,-1.241255262699274,9.031887617263319,-1.074050582686996
1403636711506367471,-1.267368149584919,9.033322685845455,-1.074696510750387
1403636711594011843,-1.295971456633311,9.036335164340315,-1.07566550408694
1403636711641129910,-1.322533669460349,9.034798218257306,-1.074921167757195
1403636711698625208,-1.374628949245171,9.028878253085132,-1.072085043201829
1403636711753590790,-1.400595265614076,9.022469029238477,-1.069500624293656
1403636711796752274,-1.425470385959185,9.01616964031765,-1.066858848608862
1403636711841459905,-1.450188422797862,9.008976989802187,-1.063491741399492
1403636711943975459,-1.472877611429366,8.992234484012233,-1.057607678713169
1403636712010573985,-1.518959943870153,8.967376888289374,-1.047672805791164
1403636712053117482,-1.540347820041581,8.95382501422567,-1.041730711724416
1403636712121353515,-1.579927074222182,8.924446828820209,-1.028050298171269
1403636712209390487,-1.596047144611356,8.894490492523387,-1.015697406894546
1403636712259756244,-1.614444592818374,8.878007014025181,-1.00627958280318
1403636712303708510,-1.630149627367901,8.860083468819061,-0.996052757670412
1403636712348685414,-1.645879242453769,8.84334194796477,-0.98520453217262
1403636712394053352,-1.660884769608937,8.824915213554446,-0.973166302029208
1403636712445945829,-1.675072860277954,8.805907474129254,-0.959829392383627
1403636712593361417,-1.696040993316077,8.748115217746019,-0.925433216448321
1403636712642899198,-1.70753575859505,8.728172622601566,-0.909291235837151
1403636712707880810,-1.729084211937614,8.68522013443495,-0.873390022431244
1403636712782354018,-1.747655385217206,8.63955387620009,-0.837408669332267
1403636712857527280,-1.750737981721255,8.590206623754957,-0.814570078507227
1403636712904673094,-1.757680443151087,8.565090969298012,-0.800634958023413
1403636712950120992,-1.764477650471868,8.538620703767299,-0.787841718857686
1403636713009027876,-1.77029811238121,8.51087549181117,-0.776548185287363
1403636713053003188,-1.774612085218862,8.480067630011838,-0.765975512297115
1403636713096776037,-1.777975905060125,8.44706058235481,-0.756424076185342
1403636713142222562,-1.780871077831465,8.417721371649499,-0.74928747992271
1403636713191430145,-1.78340101588754,8.388146574626521,-0.743287231041816
1403636713300959321,-1.778606590697463,8.329597915956544,-0.728924233562552
1403636713345926073,-1.7782708587515,8.296229537362244,-0.719580880289792
1403636713392905843,-1.777702263041228,8.263306276974323,-0.70873993980324
1403636713443712262,-1.77440045376426,8.199287347424793,-0.681895561143606
1403636713507543059,-1.771738906096935,8.166972332705376,-0.666432078470098
1403636713551452594,-1.76781847857627,8.132510076069517,-0.648100654812481
1403636713640449568,-1.755841912362674,8.065334699826904,-0.620153978394656
1403636713697551886,-1.750429889285452,8.030840538631004,-0.599056106501024
1403636713763896356,-1.737706506364356,7.964310772614703,-0.556912614305054
1403636713843558949,-1.72273586589541,7.895960653426135,-0.527629226472234
1403636713894734802,-1.71476299412539,7.863293532990092,-0.50954657746864
1403636713943248733,-1.705418003133873,7.830419741381545,-0.493406611251724
1403636714009485662,-1.685102666970439,7.765981229782301,-0.465591953304869
1403636714095651624,-1.661978263669734,7.703886752771054,-0.443347773230307
1403636714141267460,-1.649001486658275,7.67325975788352,-0.433831473604734
1403636714191518029,-1.635801779647516,7.64138946219054,-0.425238038642866
1403636714257264631,-1.615228234621708,7.580018227600098,-0.410384400928848
1403636714301065323,-1.600891394633283,7.551853675810881,-0.404710134730699
1403636714346112086,-1.586256459527261,7.525448611620495,-0.400618158298296
1403636714393020581,-1.570837290201732,7.500026516029939,-0.397404970633382
1403636714443796401,-1.554307240473062,7.471575835927855,-0.394537826760644
1403636714510234590,-1.537538239519471,7.443900313330405,-0.392886365030563
1403636714596827773,-1.514982169424066,7.389462676026127,-0.3852243656508
1403636714642397956,-1.498244411560566,7.363379838568612,-0.385383559121634
1403636714694997415,-1.48094344238725,7.337158323611232,-0.38643102922327
1403636714760049687,-1.444656544348902,7.287347717530428,-0.391509033278349
1403636714803936020,-1.427861679030483,7.262736687781008,-0.39371943610139
1403636714848731938,-1.409344374793335,7.240162838551936,-0.397350994040164
1403636714943524476,-1.388022565639006,7.196108040350863,-0.392578621944502
1403636715008891274,-1.355764604941297,7.156787762200818,-0.389593716218017
1403636715053540856,-1.339580526324171,7.1379947687973,-0.384728287662245
1403636715097960886,-1.32493530010468,7.120442388014804,-0.377976852296193
1403636715143930286,-1.310929745756345,7.10424394690551,-0.369556483621863
1403636715194392165,-1.29839355830576,7.089017172689911,-0.360340129926501
1403636715297806316,-1.279792607452303,7.042170631865608,-0.339740125992793
1403636715341660232,-1.26111813022127,7.026462995699972,-0.316293688510104
1403636715392230917,-1.251922146928491,7.012718760760995,-0.302811526990487
1403636715441619470,-1.243299239073348,7.00067240867514,-0.290409917965328
1403636715508148976,-1.234429331143275,6.9812167596493,-0.278431088224891
1403636715550966440,-1.227107881901141,6.968073165839946,-0.2693340470289
1403636715596197169,-1.220105046499603,6.95545708154539,-0.262035289648188
1403636715699373742,-1.211366190755664,6.931866590072955,-0.253805159084497
1403636715762866315,-1.198349743703854,6.911243292439603,-0.249175430683066
1403636715843897874,-1.185632303647531,6.89191035035043,-0.25157602900441
1403636715894254046,-1.178703303734819,6.883937487707708,-0.254693733903608
1403636715943626282,-1.170681733548421,6.873239969480188,-0.256888479118627
1403636716013028979,-1.160244566453824,6.854247592984847,-0.256272529476114
1403636716058755583,-1.150701940396,6.846227089276031,-0.257113258292299
1403636716100991309,-1.140222020474207,6.837732814248614,-0.256293290580742
1403636716145739795,-1.128268387805177,6.828824297114293,-0.253917098536663
1403636716192678456,-1.115593123100097,6.8203189672846,-0.250369331490194
1403636716258277309,-1.101348066524096,6.811441361202641,-0.245116832203128
1403636716302131399,-1.086591456506197,6.802912974093911,-0.238723072065253
1403636716394707799,-1.068726795238859,6.783391248169498,-0.228124506403828
1403636716443709555,-1.052081261963823,6.773467360050558,-0.219934354321066
1403636716510788596,-1.017235440828175,6.753001555156028,-0.206496302135593
1403636716553473132,-0.997697625024636,6.743435646802328,-0.202278291068175
1403636716597331729,-0.978821316345934,6.734259376224808,-0.200073504295028
1403636716644558536,-0.95935876138209,6.724740179007534,-0.199380158981997
1403636716760179287,-0.939690092962855,6.703131434878377,-0.197018719697554
1403636716804096637,-0.919126447655863,6.693886763923576,-0.199572687712635
1403636716849180150,-0.899244016517145,6.684276091410939,-0.202972640757671
1403636716895166713,-0.859980407669406,6.663926298353344,-0.213251867157715
1403636716941070765,-0.837941899590285,6.654221874576837,-0.221427267849234
1403636717006601618,-0.818348065703257,6.643462166105642,-0.22818745453291
1403636717050690106,-0.796500711132308,6.63384364059423,-0.235354548165427
1403636717142932452,-0.775733104049109,6.613943984498007,-0.237307779594967
1403636717192421599,-0.754073066693436,6.60509881591278,-0.240906052546531
1403636717258790985,-0.732948659269949,6.595622936272836,-0.242465650533644
1403636717302044083,-0.690550050147699,6.576727963518286,-0.240788368010013
1403636717346383102,-0.668712146699048,6.567195286537729,-0.238203274752873
1403636717444202363,-0.645534012897839,6.545231533705898,-0.23179778757016
1403636717509209940,-0.603205643154577,6.524119155264184,-0.224794884875793
1403636717595724161,-0.561356420749626,6.499755466879865,-0.217218759368568
1403636717644240627,-0.53927718896339,6.487795933552687,-0.214575118813182
1403636717763221931,-0.497039466840822,6.447828751402632,-0.209800185217199
1403636717840435080,-0.456838881912837,6.4181830663759,-0.215438957090844
1403636717893185946,-0.437079675405687,6.400610785389003,-0.220326841791721
1403636717943669273,-0.417275609007466,6.381581220411348,-0.226524634548929
1403636718008927421,-0.397918755000202,6.362566453070266,-0.232294875083392
1403636718094982815,-0.377270023305917,6.324377437597245,-0.232259905283715
1403636718144371849,-0.359061533425803,6.303865048892977,-0.235176647583098
1403636718194895481,-0.322013607981287,6.258617597069875,-0.237001695224252
1403636718262099993,-0.303460784233123,6.23398232797297,-0.235511797874298
1403636718341999616,-0.26816220714856,6.183761524874512,-0.231366289111024
1403636718443006265,-0.249697568990717,6.132479795077318,-0.224256823390512
1403636718507492099,-0.215606601795241,6.077279681825762,-0.229144064272049
1403636718552034769,-0.198880568752346,6.050202421870417,-0.234867303210581
1403636718596691649,-0.182534103883401,6.02181676185055,-0.241232839391062
1403636718645049362,-0.165981182783434,5.99475962162997,-0.2499577449611
1403636718761196707,-0.148630417933288,5.943213971140674,-0.253092800322019
1403636718804742508,-0.132532893638659,5.915418524381197,-0.263671634756761
1403636718850179218,-0.118206507559949,5.888725092302058,-0.273622746211998
1403636718892617827,-0.101954055231146,5.862009295924848,-0.286918078767756
1403636718942125045,-0.072718818443392,5.810293016079593,-0.313488411511858
1403636719007600191,-0.058517966303765,5.784084881287902,-0.327361105598296
1403636719051430230,-0.043827997817262,5.759712644880734,-0.341723333650147
1403636719142066402,-0.02986555284911,5.716990294549392,-0.347463996851866
1403636719194981294,-0.015676376460885,5.692729512167206,-0.357592350393466
1403636719261284814,0.012683374471902,5.646740126449516,-0.372610292557571
1403636719304666099,0.026341917000875,5.625311246349489,-0.376692400815281
1403636719349010824,0.040294895184727,5.602411823113775,-0.378702942675939
1403636719396023623,0.054752632241184,5.580482991970015,-0.38080026105792
1403636719510522178,0.069912749440594,5.539173763427413,-0.377585314609268
1403636719553579459,0.084789509105124,5.517538619019327,-0.381576318100949
1403636719598468988,0.100338063646002,5.497224880405654,-0.387660885831681
1403636719644018180,0.134321941621981,5.45281279376322,-0.403771888185428
1403636719698101279,0.151341653060635,5.431123272489044,-0.412960145318598
1403636719765205888,0.169200659467526,5.394900968976906,-0.417864871622728
1403636719808398118,0.186020386600179,5.37455724247438,-0.425688183589239
1403636719852823606,0.206513110222004,5.354726226842311,-0.434389323446686
1403636719896319761,0.225469057456163,5.334161211903638,-0.439091090022363
1403636719943966954,0.245305319253807,5.316005712662852,-0.44265630448034
1403636720009425670,0.265217260765158,5.296589602622861,-0.443572754329479
1403636720053747347,0.285276438916378,5.278551807372462,-0.44337283685245
1403636720143643782,0.304403680832953,5.245746554374297,-0.436810162498722
1403636720193240721,0.324067183032556,5.228720930811934,-0.436344135634666
1403636720259084285,0.363056088090878,5.194250671209937,-0.438767555647278
1403636720293952283,0.382234344628748,5.177645827129391,-0.442281513876327
1403636720342045958,0.400193833899573,5.161743040284032,-0.446776178875214
1403636720392539605,0.418455890639934,5.145343523715877,-0.452284157885043
1403636720441897819,0.437429475376301,5.130246133507907,-0.459598070104683
1403636720595174544,0.472738664279418,5.091960386295566,-0.472693671874046
1403636720642558517,0.490032459873858,5.079085946409068,-0.482203056153849
1403636720691987558,0.524435852661391,5.052223919426703,-0.497863015016741
1403636720757762317,0.541100009513743,5.039786494233756,-0.502985682026008
1403636720801805636,0.557722991006904,5.027939246972901,-0.506444968058485
1403636720894362103,0.573105479756077,5.010432208270841,-0.505274870840334
1403636720944205062,0.604671542261976,4.991312809563318,-0.503143923515085
1403636721010301935,0.619556513716138,4.981913044464164,-0.500394361118249
1403636721045106389,0.634285373035146,4.97317103702389,-0.498631387514736
1403636721092940625,0.648035986786035,4.96414466644921,-0.497768925762849
1403636721195204269,0.662305398963806,4.951601301288162,-0.49726200598771
1403636721261238402,0.690346398993877,4.937341877075371,-0.504211201951285
1403636721304952021,0.704308176844283,4.931028477554647,-0.509528508963018
1403636721348848159,0.718189845034559,4.924520230347539,-0.515222000229369
1403636721394754737,0.731651592305902,4.918478219816627,-0.519802215247957
1403636721441957693,0.746945831450399,4.913455001217107,-0.523769134299239
1403636721507943120,0.760270333986385,4.908593286059739,-0.52530239071853
1403636721595020781,0.77466588627423,4.90231136840688,-0.52447206544599
1403636721640960878,0.789968219265137,4.898560914499108,-0.522341581424898
1403636721697201857,0.820996218656603,4.891860858624974,-0.51559598045289
1403636721764300500,0.837196987641248,4.889093237044336,-0.51298924674068
1403636721841842243,0.86932643930141,4.88302600231557,-0.511437388048579
1403636721941046994,0.88553065112884,4.880445439137529,-0.513292071811287
1403636722006575257,0.918816950457544,4.875561587420508,-0.520834849877033
1403636722050413842,0.936443546160069,4.872324804239638,-0.525847034035959
1403636722095381917,0.952974851908321,4.868844241024409,-0.531789176091765
1403636722142773066,0.969849629049874,4.86609207167668,-0.538305296797121
1403636722192845238,0.986982923931808,4.862678632931946,-0.54348499001187
1403636722302702561,1.004505327606554,4.85976521875904,-0.54712715605238
1403636722346566811,1.021310458156767,4.855749025240227,-0.548341983831829
1403636722392180288,1.038637606977096,4.851419083433466,-0.547268401786071
1403636722441429515,1.073665735619852,4.84197027456907,-0.541075004543425
1403636722507421432,1.090321201689838,4.837144323496709,-0.538432499646431
1403636722551195588,1.108534724547756,4.832403874117964,-0.53722230660344
1403636722645002666,1.124754455493617,4.825701579128822,-0.536327722990968
1403636722695524097,1.143534968568833,4.819592373809681,-0.537705234805374
1403636722760180514,1.177761076980124,4.807948395207835,-0.543082271794571
1403636722805023562,1.193820762525689,4.801406814332299,-0.546521262252301
1403636722848894500,1.212150305016452,4.794533681375238,-0.551853580606219
1403636722894986509,1.228163911924134,4.787395677468185,-0.55638355551516
1403636723006813419,1.245431296330283,4.779673735468589,-0.561351925025388
1403636723052120976,1.2621175238467,4.772563340765514,-0.565077963930468
1403636723094993802,1.280269582040865,4.763798519934707,-0.566369689739676
1403636723140975511,1.295830878527511,4.756631913263027,-0.565416461604193
1403636723192596857,1.330006693793012,4.740891842069202,-0.556590370391834
1403636723259225895,1.346988854415588,4.733011366337422,-0.55071318153813
1403636723302747174,1.363406207129856,4.725361913721779,-0.544502708502072
1403636723393153352,1.378765728016197,4.711684919537317,-0.537127321572606
1403636723445963826,1.395054493339633,4.702979388634233,-0.533110469987432
1403636723509065109,1.428241039163165,4.684426660969522,-0.529409274118424
1403636723558537519,1.443512310206979,4.675277541902579,-0.529257516347873
1403636723597845543,1.459878545662332,4.665303619681497,-0.53006627075704
1403636723664874674,1.476860545621102,4.655834382717114,-0.531701549508514
1403636723763568381,1.491194682772718,4.641453703423554,-0.530720380859941
1403636723844405004,1.527746789485162,4.619198225738876,-0.52831276793534
1403636723895218473,1.546010523138523,4.607979100881734,-0.52440528672705
1403636723944090532,1.562300794409733,4.596872807990254,-0.518947598942041
1403636724009438827,1.600416039427363,4.572124004002556,-0.506240804545556
1403636724053258152,1.620107841232784,4.560154814046932,-0.502000935247284
1403636724107766320,1.637511688362098,4.543415749901199,-0.497148052298653
1403636724151601821,1.656070053378608,4.530444377100521,-0.495619903898089
1403636724196763702,1.674480809984453,4.51888715948706,-0.496001074490298
1403636724258819078,1.692530686064464,4.50682716979025,-0.497594185631582
1403636724302031784,1.70936226308431,4.494830541872299,-0.499857796758767
1403636724347049264,1.728079848186738,4.482063609181008,-0.504609132559012
1403636724395268975,1.743480305433584,4.471625233404208,-0.509387797123695
1403636724507771780,1.773895404863683,4.447215857194571,-0.521375496925237
1403636724552706609,1.789866016277621,4.435272352583872,-0.528385240782937
1403636724595607472,1.804190827038844,4.425745032315057,-0.533935803755356
1403636724641352334,1.818141668229973,4.414953365459449,-0.5373045715373
1403636724695170034,1.830349343986193,4.404749927321829,-0.538270831022731
1403636724760106527,1.843528553789376,4.393841115087845,-0.537219747242168
1403636724803904346,1.85646856479015,4.384899849971249,-0.534560812681867
1403636724893085574,1.867509794176033,4.368579040683777,-0.526504359853094
1403636724941274835,1.879704965991849,4.359230786598436,-0.520065669244847
1403636725008324811,1.90351070230969,4.338302218530544,-0.499376401170045
1403636725052114715,1.915372932452435,4.327423190593972,-0.48588420504538
1403636725095773092,1.926287326113499,4.317316581201488,-0.47145417996372
1403636725142999835,1.938446145266687,4.30763500752567,-0.454686671415425
1403636725260007874,1.957221371575294,4.279266900292781,-0.411788585576833
1403636725304017176,1.968082150872186,4.270597404936993,-0.390715537315652
1403636725348032080,1.978872704401698,4.261260232782642,-0.368257458037868
1403636725393276020,1.988497851836952,4.251595900289734,-0.347502523823108
1403636725442754787,1.999382348438091,4.243412324758221,-0.32718224672302
1403636725509142198,2.009476583064556,4.235650180728279,-0.309256651668931
1403636725552209879,2.019420537634787,4.227573932723408,-0.292016989469433
1403636725641970376,2.026393701404506,4.214080089856276,-0.273911507992765
1403636725698008058,2.03686517424868,4.206883362961249,-0.259218365629303
1403636725763870983,2.054877429218782,4.194375533028952,-0.236801022675976
1403636725842529637,2.072683665278827,4.180950024393954,-0.219261590493091
1403636725895207645,2.080893918767446,4.174719987702957,-0.212905427498365
1403636726008066043,2.095318828325667,4.159533387592874,-0.203258188546487
1403636726053151570,2.103025819148033,4.153103714511917,-0.200715492155537
1403636726096651471,2.110255730474924,4.147491378438171,-0.199628329851649
1403636726143807948,2.117156324345738,4.141534459958561,-0.199743821101785
1403636726195077835,2.12390252959532,4.136309669064274,-0.201136270850721
1403636726260556807,2.130591570777325,4.130763808111621,-0.20333577760974
1403636726341334363,2.136290369542813,4.125232980651245,-0.206692641317453
1403636726393009648,2.142697097727698,4.119951578182998,-0.211412168952539
1403636726444223471,2.148590111521819,4.114544242046557,-0.21702349952704
1403636726509424817,2.160292879877457,4.103197646389478,-0.226583289719837
1403636726553657488,2.16638027032567,4.098863259253618,-0.229249149573193
1403636726597498946,2.172104439832408,4.093388212142209,-0.229315634202852
1403636726641736421,2.178124854330037,4.088561033943156,-0.227442416462841
1403636726759035904,2.190610412294871,4.078714226236736,-0.217742231182413
1403636726802831952,2.198748590006381,4.076021407346704,-0.210847976622016
1403636726846075662,2.207183231390226,4.072754605103297,-0.201973549610789
1403636726894454731,2.215337438143578,4.069902766109166,-0.192376004721604
1403636726941523830,2.224486313127555,4.067325586038589,-0.180702062964055
1403636727007039378,2.23323912992057,4.065168129125723,-0.168402363454535
1403636727094956251,2.242984369193513,4.060770004501467,-0.151186369958751
1403636727141647056,2.252836105311357,4.059222672094868,-0.135541586813077
1403636727195558783,2.276595307047075,4.057565729723386,-0.097280615360953
1403636727250234478,2.289026073735209,4.055961248600128,-0.077306673412044
1403636727294060765,2.30092931038696,4.053877433976539,-0.059004673650367
1403636727342234017,2.313796410133607,4.051954946464056,-0.041710528496656
1403636727392447339,2.326113685369714,4.049423768225323,-0.026564410281638
1403636727507465374,2.350619682957823,4.04077693486879,0.0011818548508
1403636727552578848,2.363108005157236,4.036627100158489,0.01295872831515
1403636727595587496,2.375159321882348,4.031174601287789,0.024008727285248
1403636727645150667,2.388270998534308,4.025019131901781,0.035055459400442
1403636727697753518,2.400933469006502,4.01890736829828,0.045706666668067
1403636727765061415,2.410812855353903,4.009006151480352,0.058356391573652
1403636727809014696,2.422664287188096,4.000605694003396,0.071920853388768
1403636727852739613,2.435079880427304,3.992364214750603,0.087167688046362
1403636727896695504,2.446170523418696,3.983787296969727,0.102937615058894
1403636727943068125,2.458496461543839,3.974104456635889,0.121550199112253
1403636728008544421,2.4703584248381,3.963833778519858,0.141583737948861
1403636728052444057,2.482238799097192,3.951495935317175,0.163238947702355
1403636728096292047,2.493646433207806,3.939811118140312,0.182775303959661
1403636728196936868,2.501256270394721,3.920067337893032,0.204565304679736
1403636728263815682,2.52344556348958,3.893024109686138,0.237116353039668
1403636728307626444,2.534602559990337,3.879043559761626,0.250746750348614
1403636728351402521,2.545624047876559,3.863447483438474,0.26326617978943
1403636728395157269,2.555618171475674,3.848838743813102,0.27318692652129
1403636728442331443,2.567431482371414,3.831675419825448,0.283090248804144
1403636728552982555,2.571318632359611,3.807333072974486,0.293170357462665
1403636728596803009,2.582079926236543,3.789599189751981,0.299666824472567
1403636728641592175,2.593392253533473,3.773332472439934,0.304383827825125
1403636728695444330,2.617327418622288,3.739644537284024,0.309985541331619
1403636728761245181,2.629714602213066,3.721167522357479,0.311058977317197
1403636728806298933,2.641695148941744,3.705066235459986,0.311082858552993
1403636728849858920,2.654538111213037,3.687168880418157,0.311719571429452
1403636728943792949,2.661797858909052,3.666179076061752,0.314323654997576
1403636729009742063,2.69038893015876,3.631469167346573,0.323347852675796
1403636729056594275,2.705138549480493,3.613697081687858,0.330232381177568
1403636729098189154,2.718711834869912,3.596839680162429,0.337652378038394
1403636729142215916,2.733721888727569,3.579860217803969,0.344478976888627
1403636729195146910,2.748899370570173,3.562183060813924,0.349999506837609
1403636729303943185,2.760969334856071,3.538995269601098,0.355735518796012
1403636729347674624,2.777331907139245,3.520432084987608,0.358304390749942
1403636729394712462,2.793427874331206,3.501494325848709,0.359590110749432
1403636729443719073,2.825817961368169,3.463168954927405,0.3588025197624
1403636729510891235,2.840641515376938,3.44251429271153,0.357350942915159
1403636729599132811,2.855158639421354,3.419209302870777,0.355787802531368
1403636729644166992,2.87243174165249,3.398412660396289,0.353137142869844
1403636729697979300,2.907023998650914,3.355180777640684,0.353031513291705
1403636729763145142,2.924781301227919,3.332541227059723,0.356146737873314
1403636729808021191,2.942637074900874,3.310175323809696,0.361014034466528
1403636729851952884,2.962828099643146,3.28610404422738,0.367749938880529
1403636729942461691,2.975025376318133,3.261455849086191,0.376843079095895
1403636730007461056,3.011913367519196,3.215713227530455,0.391966884551847
1403636730052377349,3.031859694590544,3.193106806480861,0.397395242887032
1403636730096318958,3.049703460752372,3.170401002066348,0.40166448641872
1403636730142404187,3.068214593904396,3.14635455337227,0.404705553519235
1403636730193291567,3.08635108418343,3.123351209838445,0.406357294451475
1403636730258936725,3.104503651759368,3.099669423113178,0.406902942357618
1403636730303887264,3.121293376913097,3.076738576146315,0.406469708751744
1403636730395038557,3.136619355126163,3.051893571924123,0.405470206168929
1403636730444490763,3.153740162429497,3.02881044482713,0.402911597382362
1403636730510193342,3.186470477560536,2.985579276253969,0.39544331877967
1403636730575902880,3.202812493452786,2.961592762322717,0.390375066299582
1403636730645313675,3.232934043348686,2.91779880895363,0.382007266979922
1403636730760085236,3.255082009739861,2.874322407848764,0.381846428339065
1403636730800373231,3.266777998717684,2.854157420506558,0.384345204234201
1403636730844303386,3.278727351672572,2.834263672118023,0.388753773119999
1403636730892868058,3.288728007392765,2.815683211752011,0.3952314105292
1403636731042385273,3.297903222179334,2.771798802300244,0.416665647361076
1403636731108441266,3.316594322877823,2.744029440855302,0.43597883831302
1403636731152269524,3.320833176165148,2.728113253287393,0.445785992198378
1403636731196913861,3.323830462123727,2.71444098541459,0.453518162434993
1403636731261528548,3.329034844370686,2.701003625816469,0.460625583788315
1403636731305874539,3.332416938738683,2.689081164121395,0.466010482624596
1403636731349732601,3.335941966660013,2.678037439593721,0.470012497227922
1403636731443366203,3.336407128528468,2.665732480142049,0.473751305064689
1403636731509820439,3.343803509565203,2.647599539294147,0.476548451965443
1403636731549251668,3.347070024198132,2.640106277707266,0.476438254994087
1403636731594241766,3.350898588818704,2.633201580284976,0.475461927609675
1403636731642243319,3.355680065566057,2.626257425271161,0.473290003955293
1403636731698312185,3.359275482384245,2.620778775194347,0.471050519809955
1403636731764861709,3.365194257621026,2.616499322252341,0.466724996868005
1403636731805294008,3.369928289422355,2.611910852964632,0.462063532105606
1403636731849034493,3.375455848183705,2.607302562084175,0.455769947528251
1403636731895873107,3.380339932608229,2.603479962101424,0.44943091235354
1403636731944292186,3.385423124461477,2.598597726779439,0.441191398771064
1403636732008957404,3.391378887197071,2.595718975896261,0.432449215028616
1403636732094988900,3.400923596080145,2.595623744300283,0.421356265137932
1403636732142119670,3.406987475837926,2.593768460677472,0.411514797554686
1403636732194808468,3.413697866609676,2.591934697190669,0.399798383014005
1403636732260828804,3.426482016016499,2.587663673708091,0.373402795063233
1403636732341617348,3.440027587008823,2.584822182567397,0.345349329236079
1403636732395174107,3.447128672620366,2.583210472305088,0.332100893239013
1403636732508627273,3.46880637731218,2.584960081663842,0.308432283231733
1403636732553531152,3.477643076164009,2.583328007337575,0.300523432256282
1403636732597052842,3.486811609282218,2.580535982680551,0.29489024600344
1403636732644144934,3.496189397680113,2.576540765306481,0.29108711952329
1403636732694129377,3.506260295499754,2.572335362223448,0.288910907154542
1403636732759417239,3.51666651267201,2.566659989745155,0.288394737707467
1403636732848852623,3.531150785617038,2.562526252022587,0.288169173992684
1403636732896608876,3.563158888197862,2.568996802606707,0.283099727049177
1403636732943703350,3.578165714252608,2.542086154473297,0.296897969595795
1403636733054136525,3.58548413744419,2.526372695015518,0.304515176675532
1403636733098208843,3.597190619359882,2.511975420995545,0.309353714721653
1403636733142335631,3.610383494706504,2.498941053644739,0.31422901492757
1403636733196084335,3.643986560176543,2.465109655887739,0.319344165678496
1403636733262310594,3.660748041021679,2.446822290458431,0.321578823873946
1403636733305020921,3.678105689186388,2.429625449073944,0.324571460577352
1403636733394579535,3.697950204385776,2.412723931542405,0.328725761659068
1403636733443838454,3.716811393454643,2.392737252545757,0.335742526827716
1403636733510310252,3.754267744500497,2.352691055774807,0.354823452257402
1403636733552789704,3.773255275638769,2.330444838947126,0.367818188837128
1403636733597523247,3.792396435091623,2.309631108416172,0.381112011665922
1403636733645450705,3.811590725599384,2.287266018854344,0.396402903923791
1403636733762462101,3.851307459647088,2.243619593250141,0.424283928038804
1403636733805987342,3.869091666086109,2.222464097234155,0.435720502731678
1403636733850807111,3.889287699836669,2.198622637655948,0.44693796984202
1403636733894707239,3.905907463916765,2.177319821204002,0.455504916835294
1403636733941988008,3.924855768795185,2.15490609201668,0.462481254821693
1403636734007019348,3.942199751447061,2.13220729492505,0.468061277339249
1403636734051912400,3.959287561115745,2.109051605991867,0.472531348624313
1403636734141656874,3.979005020868472,2.088096103989119,0.474523578277169
1403636734193420476,3.996489226274974,2.064334725618504,0.476421118151542
1403636734266412595,4.029769404412749,2.017758287974466,0.477941860654658
1403636734343472135,4.062279801973018,1.969476242341155,0.48079215321923
1403636734395923666,4.077953573193439,1.946023275280688,0.484714470178466
1403636734510965466,4.11356490517046,1.898606477015028,0.497584769302149
1403636734554993206,4.128652759004479,1.875371229827928,0.506655663634523
1403636734597810082,4.144895160063549,1.850370810254322,0.518130079557361
1403636734645055735,4.161834865040381,1.825866986178759,0.529788170417136
1403636734696749318,4.178095908421157,1.801877928268031,0.540514028653679
1403636734761957894,4.193894903573542,1.777895872487693,0.550208047324911
1403636734849626774,4.212377347866021,1.756148885028289,0.557246156613077
1403636734893934586,4.228380978894314,1.731635615356362,0.563786051000613
1403636734942203946,4.242419738310649,1.710231278145105,0.56802497835409
1403636735008798756,4.271595436624378,1.664001324847505,0.57249032740163
1403636735052618715,4.284783951360288,1.641326259666192,0.572740421484573
1403636735095950204,4.298146395821281,1.619846952915203,0.571557175090881
1403636735142074436,4.310544295891003,1.59714776533126,0.569513504880712
1403636735258384038,4.340261594231538,1.555786037146296,0.561880508435866
1403636735302151004,4.350439795087177,1.534365214587418,0.558699710904466
1403636735347026419,4.360502309707358,1.513636610677547,0.556691329530083
1403636735392969516,4.370855736832737,1.492937873366956,0.556633564485077
1403636735444382176,4.379978516611584,1.473663556469833,0.558645504447831
1403636735509041337,4.389570677274987,1.454128897093157,0.562934604588014
1403636735597626812,4.40000898215304,1.436030308989646,0.56888819467882
1403636735663059702,4.407613470113549,1.418421724331904,0.577907505988481
1403636735698092958,4.423657543874171,1.38350337110683,0.602000256489187
1403636735762960481,4.430752025979428,1.366826025105479,0.61681663941633
1403636735844539437,4.436212458944771,1.351330350010343,0.631185734665873
1403636735895973886,4.442508475056219,1.336093693616603,0.645336568784933
1403636735943839344,4.44803661902417,1.321931849944924,0.657675548495204
1403636736010109408,4.458036743854589,1.293949086405834,0.678545576576255
1403636736092644975,4.467073301819765,1.268261656035567,0.693449152721724
1403636736142800937,4.471218393254413,1.254343564515389,0.700526003063325
1403636736193236035,4.476309028317395,1.240894512615322,0.708060205965574
1403636736301815686,4.4780049903247,1.228419808983405,0.716085315100483
1403636736346699754,4.481080899965332,1.21861405226084,0.724408291713067
1403636736394212021,4.48420755509393,1.207190141845072,0.73685225185269
1403636736443119119,4.490824499078775,1.184030255762449,0.764640258148641
1403636736509283431,4.493760651684618,1.172653615741352,0.777241282583392
1403636736553140534,4.497507252948671,1.161279862138884,0.788775965854196
1403636736644742067,4.499252339069086,1.148884782618448,0.799580139163168
1403636736695212896,4.50352430432069,1.136957590522,0.807618538960344
1403636736761179734,4.510487319629566,1.111812082238763,0.818984274614777
1403636736845167919,4.517015396813207,1.084643256133053,0.825362402365464
1403636736894693473,4.520764852858513,1.069851957946591,0.82686041221293
1403636737011286154,4.524531558578437,1.054263641450014,0.827573558787633
1403636737054299996,4.528202492221071,1.038475662870678,0.827716238703645
1403636737098195971,4.531991242495147,1.021371451737178,0.827043310205001
1403636737144397534,4.534465594215036,1.004932943120194,0.825938325441379
1403636737192652337,4.54375901718426,0.96837089025924,0.821091912846731
1403636737259300058,4.547361029554398,0.948806718402799,0.817594059611164
1403636737346790371,4.552730589058312,0.929638162997308,0.813264061608981
1403636737392604737,4.557095725156641,0.90943188039814,0.80833766147828
1403636737442786233,4.561222679654368,0.889509468365968,0.802861160101384
1403636737508102473,4.570003452285365,0.850227069590243,0.791220366662266
1403636737551880049,4.574933541227511,0.83066218016841,0.786569961324633
1403636737596730577,4.580050588121424,0.811103873260818,0.783713124788269
1403636737695789435,4.586214168401432,0.792089650754913,0.782156334425918
1403636737762366294,4.595195447374686,0.755208740258337,0.786736189639197
1403636737806087223,4.598104848034856,0.73549822124887,0.791509017054547
1403636737910052964,4.605689180690448,0.700754051636266,0.805697339906219
1403636737954064784,4.611613781921778,0.684186130707941,0.814990754839368
1403636738010192520,4.614329718550909,0.669238567849713,0.825472338682096
1403636738054463615,4.617184172062187,0.654849049833241,0.83798172857253
1403636738097972115,4.620050337815179,0.64153464708387,0.852208454874296
1403636738142872540,4.621870782041309,0.629541804684657,0.868161037825255
1403636738259020870,4.62052070896172,0.618754284032935,0.885087485559711
1403636738302368559,4.622328759395771,0.608284026268277,0.903805038779338
1403636738346528001,4.623741221280502,0.59900093382904,0.921381633501696
1403636738393759789,4.623937230144027,0.590205379919571,0.938514385930224
1403636738443272747,4.625145061744565,0.575599350915884,0.967480618643308
1403636738509323198,4.625231647935196,0.569333978306849,0.979242324837508
1403636738552120623,4.625091285199956,0.563544538450296,0.98981093826513
1403636738643506046,4.622684325916016,0.558131671187465,0.99885949793647
1403636738693325870,4.622032296854886,0.553327358726616,1.006258545345192
1403636738759733727,4.619853077634061,0.54624532929634,1.015981050416946
1403636738803755734,4.61840285750795,0.543554428863431,1.018440441185383
1403636738848514524,4.616736954788476,0.541209722908713,1.019239009839052
1403636738895890182,4.61380134362057,0.539800490498197,1.018625263300865
1403636739011730100,4.607156721578612,0.53965624120361,1.013028925137381
1403636739098577375,4.6073356916048,0.541230799929169,1.006928812064827
1403636739145097751,4.603898801764997,0.547420296767124,0.991364908042377
1403636739196665285,4.602326463501362,0.551996995668845,0.982164808704385
1403636739261501317,4.60140872509398,0.557602689813566,0.971124539218738
1403636739344313224,4.601478657307131,0.563165746054265,0.96009668787537
1403636739393087982,4.600936396602431,0.572184396745757,0.947805123152291
1403636739442720040,4.600563271885759,0.576749398468801,0.932736016207047
1403636739509052416,4.602006732517118,0.592388463009248,0.90362221523442
1403636739558979465,4.603061832144414,0.601119658300064,0.889283174072269
1403636739602943127,4.60324670976333,0.610191054124366,0.876793031650039
1403636739664673817,4.609535906883008,0.620225126415653,0.865559804858976
1403636739713925309,4.610204189893556,0.629620198237864,0.857516716714941
1403636739763225392,4.612048398807447,0.639584061770324,0.851367281403374
1403636739801396208,4.613211387478771,0.649037152535333,0.847290067471502
1403636739845172702,4.615597820232544,0.658599754314511,0.844903461970276
1403636739896795706,4.617085159323819,0.667696030012224,0.843027273236833
1403636739943926973,4.620216624350434,0.678186399732552,0.83992043961195
1403636740009717701,4.622364491695887,0.68734289578876,0.835849946546175
1403636740097734143,4.628156419566276,0.697353046441004,0.829744032145912
1403636740142066547,4.63082024850714,0.706705438917885,0.822685894796635
1403636740196378474,4.634218520676801,0.716454150910268,0.814267058667527
1403636740260792536,4.639323085336526,0.736023101834731,0.793705318734064
1403636740343795004,4.644019455160815,0.754227369678297,0.770102320622453
1403636740442497053,4.652460475723858,0.763918013972173,0.755701822257343
1403636740509744599,4.65830634615399,0.781451107327554,0.727518722722509
1403636740552114974,4.660163325246564,0.790303484503776,0.71070932887926
1403636740597304046,4.663274871249758,0.798212210175178,0.694676387530397
1403636740644604446,4.665733566497353,0.806608911794269,0.675760023653564
1403636740696379009,4.668557287140996,0.814050586421462,0.658400632278404
1403636740805403525,4.67839771736779,0.822008766795997,0.640781199689283
1403636740849300893,4.680946880731306,0.828232386537161,0.627022117608748
1403636740894296457,4.684220765596639,0.83582995589412,0.613151152858853
1403636740942666040,4.688135255342341,0.842682600265153,0.602156788001228
1403636741009953350,4.695923729684449,0.856075515264639,0.580108045589327
1403636741052516935,4.699646855256815,0.862243471481044,0.567944417221384
1403636741096312189,4.704040554087253,0.86805320489118,0.553790040212
1403636741193283408,4.715890399640849,0.874723862493024,0.536486903792196
1403636741258870418,4.723353734436157,0.883208200545333,0.500099591849089
1403636741302215194,4.727593268415441,0.886985015760597,0.479472603721678
1403636741346886051,4.731547907894336,0.890175597225763,0.45741228195447
1403636741394941970,4.736325586665955,0.89300136774967,0.434476701609857
1403636741445176945,4.740457670102544,0.895033059111423,0.408499941792067
1403636741554747501,4.754531284772567,0.898343533417116,0.381941546545397
1403636741598979601,4.758075533231591,0.899309564465807,0.358038638427312
1403636741642723104,4.762867337227882,0.900040711986248,0.335207423715018
1403636741695269276,4.765883782241926,0.900366972182614,0.313729092630984
1403636741761821791,4.775091313985128,0.902728423413299,0.277211689180897
1403636741805963847,4.780247208425922,0.904200313856784,0.261626872954095
1403636741895220783,4.792215678126676,0.907792839040089,0.245650316798097
1403636741943473395,4.795927235361824,0.910350382304798,0.233622463382058
1403636742009032996,4.802664943761371,0.916804390387495,0.212157078663358
1403636742053843704,4.806148213698583,0.920416262682519,0.200281046634663
1403636742097469283,4.808848250730992,0.924443778909819,0.185917741684445
1403636742143779806,4.811453667885994,0.928174202662176,0.171140297333182
1403636742193429721,4.813380288271473,0.932373394502447,0.154399094222698
1403636742258642730,4.818855798644989,0.937776921169187,0.136266706875931
1403636742302725428,4.81889675271249,0.942615235528301,0.121140711975783
1403636742346685358,4.818348502182257,0.947582481431072,0.107891833079304
1403636742393966732,4.817203945653981,0.952816119856387,0.096546460771112
1403636742444571812,4.816432819951628,0.958334585159434,0.086770998302086
1403636742510849216,4.814199955949664,0.963585268593479,0.079137535955818
1403636742598533034,4.812245123520184,0.96944101552604,0.072914739210341
1403636742644957707,4.80967581221489,0.975462391114393,0.068363498585407
1403636742695811954,4.806302565821539,0.982012703571118,0.065087226580433
1403636742761657236,4.799323380484952,0.995500095205799,0.061707813318379
1403636742805504498,4.796454591352902,1.001828386679483,0.060084169044509
1403636742860942731,4.792952019742494,1.008756291707497,0.056808173433137
1403636742904922315,4.790152264482541,1.014945260517614,0.051860371210545
1403636742949927674,4.786396474711757,1.021672721738212,0.044192786283591
1403636743010790835,4.783359701325836,1.027752821165938,0.035012441188263
1403636743054435263,4.781625076402051,1.034265740563817,0.023516779322981
1403636743097875067,4.778802193370715,1.039771084250574,0.011370686629034
1403636743142759984,4.776130407662068,1.045501328704712,-0.003422464893475
1403636743259383835,4.774248358627028,1.058289526011343,-0.037532201693881
1403636743303140464,4.771469810365233,1.065232095495514,-0.054609755558092
1403636743347937030,4.768562443325324,1.072819273374734,-0.071427303326725
1403636743395221939,4.764988968131731,1.080837888575072,-0.086504521691399
1403636743443562236,4.760388115174026,1.090477635414352,-0.100138550104473
1403636743509470423,4.756405585800176,1.101033875362531,-0.111139663631529
1403636743597948114,4.751281920895519,1.113539036426107,-0.120825427163145
1403636743644101471,4.745087169857686,1.127421974547044,-0.129353126039022
1403636743696990911,4.737689527991243,1.142429066213528,-0.137252133270411
1403636743750053293,4.720578874582271,1.176373535020281,-0.156248899557795
1403636743796031267,4.71080678445693,1.194780825091842,-0.167753239260315
1403636743844679926,4.700039945764765,1.214305611849232,-0.180896685232464
1403636743943910365,4.68878104444808,1.233520926765199,-0.195232240816319
1403636744010242163,4.667218653007875,1.273333855883512,-0.228009937532681
1403636744053438108,4.65536712654803,1.294230452169955,-0.247320039803675
1403636744098135840,4.643172926094014,1.314258332860307,-0.267639822724714
1403636744143916964,4.630710556311245,1.33367174744005,-0.288574629976941
1403636744195371606,4.618143268921122,1.353743611831197,-0.311589260915005
1403636744346711441,4.594679760459827,1.392198311305823,-0.361307716000912
1403636744396202920,4.583006666642572,1.410459467411739,-0.387227685089857
1403636744444380899,4.557678409352105,1.446811935017615,-0.444766287006054
1403636744511518376,4.547505909539088,1.462617763428147,-0.472494605900139
1403636744555424180,4.534307013301742,1.480253603977946,-0.505183133431142
1403636744644494059,4.529879495877442,1.498511568252302,-0.540087321852252
1403636744696019331,4.520109118619151,1.515330305758913,-0.574505543241559
1403636744762272919,4.501686359563871,1.546396846932204,-0.645672747268379
1403636744805090449,4.495103047340219,1.560832731045368,-0.680413959053513
1403636744849357853,4.486052201572953,1.576376721995553,-0.721144116442094
1403636744893363085,4.480714005435414,1.58969600237156,-0.75762020755574
1403636744945115128,4.475177781500168,1.604145078347178,-0.795421849148318
1403636745010065027,4.471305495021533,1.617994584780835,-0.832115323892419
1403636745099372668,4.480330025890591,1.637622766239007,-0.875860795772142
1403636745145467774,4.476866068304971,1.650724144008301,-0.906815592956146
1403636745195763933,4.474691108050814,1.66440501563117,-0.936831437159259
1403636745260740547,4.469417848433342,1.692419221772574,-0.988418995162135
1403636745304553901,4.470900545736179,1.704074630930986,-1.012382242349936
1403636745348406872,4.46919509109398,1.717136096809984,-1.034423785857881
1403636745445387760,4.4779936690181,1.734512191083241,-1.060486434697153
1403636745510290085,4.473359986368799,1.761704999000024,-1.096620473992511
1403636745549451710,4.470584804528243,1.777369019124846,-1.111744068561232
1403636745594278658,4.469301720677026,1.789101380464356,-1.124776449399881
1403636745643197186,4.46796004637418,1.801696737322292,-1.135149013077088
1403636745698233047,4.466913673993342,1.815039214060579,-1.144433155328811
1403636745764626053,4.468359611392999,1.830290306346191,-1.154357792077778
1403636745806326589,4.46466800433211,1.845647462908932,-1.16031345794402
1403636745852470352,4.463850907056078,1.854282737186227,-1.163972776551509
1403636745895514656,4.462056441398985,1.864559071148661,-1.16602258147552
1403636745943391530,4.460017595050991,1.874971219882445,-1.166275200968327
1403636746008455267,4.458402998616208,1.884064553506667,-1.164637002192519
1403636746052348152,4.457522088927203,1.892935034913081,-1.161896334290141
1403636746119652123,4.456829897219113,1.900694195891488,-1.157522746610552
1403636746164742695,4.45203014814288,1.90586229937504,-1.149384117724558
1403636746208630936,4.449535362916382,1.91110851498462,-1.141452883486864
1403636746259397264,4.445928195734893,1.915189336374104,-1.132031109598088
1403636746303206706,4.443027130007544,1.918531244451674,-1.121922329947593
1403636746347665503,4.439410642923354,1.920300986492612,-1.109943059693311
1403636746393702327,4.43584784542844,1.92100763750832,-1.096508853811125
1403636746444338654,4.43206176024801,1.919675008981359,-1.082809873263716
1403636746509858842,4.428211309027871,1.916647942584646,-1.070445768788643
1403636746595556686,4.415123226591609,1.90863315760989,-1.054292595301112
1403636746644273306,4.41014696785317,1.903202637718378,-1.045624385991647
1403636746696941421,4.398982169607428,1.889367805269173,-1.032583030886892
1403636746762701417,4.392412107269995,1.881270279448835,-1.028644983027353
1403636746806501284,4.385239293035295,1.872785959122412,-1.026030943825957
1403636746850324156,4.379223634085078,1.864589042183142,-1.025453612154176
1403636746941686601,4.366132886902988,1.854119204367016,-1.021738837763738
1403636747008251567,4.351434197989462,1.838566573036538,-1.024495963296969
1403636747051031620,4.344134377536412,1.832367317527103,-1.026732098093146
1403636747096102932,4.335781375831048,1.826995119528976,-1.028045476248828
1403636747145705610,4.327390785044133,1.823220594911842,-1.028257414967963
1403636747195902875,4.31852736959635,1.820586270444334,-1.026341255318409
1403636747261613532,4.310245068762489,1.818998158935606,-1.02267547300773
1403636747305358525,4.301674235034933,1.818121458800733,-1.016880483296626
1403636747395949211,4.284657666611733,1.81528502536397,-1.003742288959923
1403636747445148939,4.277872837603089,1.81678062071629,-0.995266300671263
1403636747510511376,4.258444278410679,1.819421510436154,-0.969507488404525
1403636747596455605,4.238920811462283,1.821690196028396,-0.944060258148068
1403636747643626753,4.228736371138121,1.823214168315889,-0.932803278419698
1403636747762950590,4.196116076588287,1.820272040727371,-0.908184691229646
1403636747806232924,4.184693873293256,1.820753204634553,-0.899812191547457
1403636747850612074,4.172841217722553,1.821490238566894,-0.889831655370245
1403636747894737552,4.159878710070182,1.821113633963156,-0.87831569736949
1403636747943433889,4.147431392140036,1.821561672136441,-0.865243049945406
1403636748009555564,4.134045592016395,1.821612286621679,-0.849766187066165
1403636748097701603,4.106668361341047,1.815622818389642,-0.82453253676284
1403636748142489653,4.094457354921647,1.816437876919278,-0.806281825372249
1403636748193947669,4.069743082909172,1.818728483102608,-0.769565334540202
1403636748260176410,4.05734359459164,1.82059495979302,-0.752802686302156
1403636748305182033,4.045817980740867,1.822951138117978,-0.738436499157022
1403636748394623241,4.023135047395745,1.82079492365648,-0.718994124857057
1403636748443807133,4.012795894259942,1.823730597375689,-0.70858590318008
1403636748509988610,3.991348351791964,1.83029173896614,-0.690727309457468
1403636748553771154,3.98129445839498,1.834069496506052,-0.683473191734314
1403636748598831782,3.97126521244758,1.838259108926628,-0.675794964574733
1403636748645886272,3.961691292666358,1.842901879773051,-0.666863733132301
1403636748762167507,3.942911549468998,1.842443794863396,-0.652050252638261
1403636748807196713,3.93349143388691,1.847853923604157,-0.639826757116387
1403636748849928844,3.9246996750165,1.852069430927435,-0.627415672232645
1403636748894430655,3.915536770863947,1.857584547443726,-0.612208520389724
1403636748943343690,3.897482717999388,1.8666540877906,-0.58505593333239
1403636749008636066,3.88905870706648,1.871560881885404,-0.573365752745786
1403636749056842767,3.873739597965021,1.873366640623672,-0.558871330865174
1403636749101665622,3.866245500583474,1.878580841792496,-0.549666507473129
1403636749145260404,3.859214261236438,1.884336985621925,-0.541364908715762
1403636749193772026,3.853717636656225,1.89079914855652,-0.534119776038743
1403636749260123295,3.84834548031674,1.89713759154217,-0.526705049246954
1403636749303785032,3.843817942258623,1.903652312927026,-0.51981515317605
1403636749394440438,3.837776440211056,1.909576965378904,-0.511619049204591
1403636749445683266,3.835515184757395,1.917049465691575,-0.504103592402886
1403636749511139911,3.83235828080121,1.931802353147224,-0.484073910267119
1403636749594432738,3.832368934127148,1.946675843145807,-0.457427934624034
1403636749643831834,3.833783549577024,1.95456027627456,-0.441914420779097
1403636749762867555,3.833150533981423,1.966928971001985,-0.408528393259261
1403636749795943318,3.833771443735734,1.973005789286275,-0.393545271573185
1403636749844256046,3.834746839986909,1.979169922752949,-0.380116833605628
1403636749892566596,3.835331283591505,1.984311046039865,-0.368463281372023
1403636749946365029,3.835630349025026,1.988296439212437,-0.358550971338989
1403636750012289026,3.836639349880247,1.991944984943598,-0.350011591212035
1403636750096323313,3.835701917438711,1.993605435804653,-0.34252902138383
1403636750144570098,3.836202023413608,1.995105642949086,-0.337306489702587
1403636750196525395,3.837404086882858,1.99478950168631,-0.330011899582425
1403636750268431258,3.838381786504804,1.99315886386238,-0.327170064327685
1403636750342485280,3.841502828857426,1.986604349109242,-0.320028690143427
1403636750445880412,3.841511189440176,1.980884956787344,-0.313349074523802
1403636750513246530,3.846707171327258,1.968324837484604,-0.295259986876562
1403636750614691676,3.853961038948863,1.952731706136149,-0.267885463620244
1403636750694255862,3.862441918193333,1.935696175773847,-0.233497749258087
1403636750804539983,3.860730621463643,1.923437623697469,-0.210586922195447
1403636750849300052,3.865405634803553,1.914051665097371,-0.188735385577376
1403636750896581947,3.869886981743329,1.904134839651031,-0.164850873751615
1403636750943052360,3.87860221434262,1.883581996571698,-0.111682059963205
1403636751008150936,3.88354798105394,1.873383653820488,-0.082870868346468
1403636751053107154,3.888554181985509,1.862262042693234,-0.051511706993489
1403636751143293965,3.882835101998939,1.846400108409763,-0.016643799574199
1403636751195315842,3.887250103297489,1.835050486765695,0.014232433032878
1403636751261271638,3.892974443045173,1.811319459857321,0.071429810733293
1403636751305650206,3.896187039941918,1.799706107922817,0.097387587081736
1403636751349796278,3.898476851629907,1.788613889037128,0.121931849724078
1403636751395699873,3.898994165068933,1.777424450867481,0.145028852829023
1403636751509086731,3.890616338874086,1.76148826109647,0.173220756320913
1403636751552930361,3.890152541070906,1.750848764327571,0.194988837058095
1403636751596856588,3.892328980717688,1.74075035380504,0.218924215558772
1403636751645174481,3.889524415137792,1.733491204645323,0.238900199614558
1403636751698681146,3.891043904225942,1.711161406341897,0.284178901206304
1403636751767109485,3.88425484792595,1.698994896398475,0.307328161540523
1403636751809680802,3.885538860356367,1.691726609430542,0.327172368282413
1403636751853968588,3.886404098758799,1.685141483144134,0.346949485333045
1403636751897864132,3.887338948768436,1.679762999728052,0.365226900821712
1403636751943914800,3.888942447007427,1.675302887448074,0.383582614397837
1403636752009004586,3.890197937055554,1.671595929188034,0.402156188091634
1403636752053975350,3.890975950000347,1.668522385342291,0.420298069382824
1403636752097812017,3.892199784129689,1.666569923249265,0.438018343368814
1403636752197386620,3.889537383294657,1.664015992182568,0.457287105369072
1403636752261426417,3.891971317347386,1.665539411018798,0.490202377554034
1403636752305703766,3.892809765373999,1.667310084047259,0.505083957955506
1403636752349939457,3.893713189226768,1.669738780928312,0.521571704495784
1403636752395935973,3.893843841795811,1.672470009111564,0.535745186386265
1403636752445330456,3.894144583357364,1.675796177094775,0.551882133711363
1403636752556687036,3.891746118609571,1.677734349126826,0.568503869940616
1403636752599863745,3.892606734947182,1.681654779240073,0.58870276577262
1403636752644983289,3.8922672265338,1.684691837409387,0.607325524473664
1403636752693298747,3.893516879413137,1.691405673397674,0.65079175360991
1403636752759824688,3.894473169632417,1.69477828407628,0.672368449419874
1403636752803578350,3.89503457055253,1.698126467455327,0.692574412352005
1403636752896235105,3.895282692810507,1.70107693172797,0.710901080095956
1403636752944533383,3.896186123668832,1.703860479577242,0.7270091656384
1403636753011683309,3.898250401184575,1.708370389545066,0.753412662440241
1403636753055340375,3.899449792105599,1.710374927272133,0.764345781879924
1403636753098174748,3.899631216791149,1.711199529306804,0.773151082479803
1403636753145114327,3.900551794528059,1.7123177977636,0.780764126150195
1403636753261272844,3.901242870982385,1.713001949022731,0.786161674936898
1403636753304779941,3.901026163707232,1.712727956278592,0.790383763187515
1403636753349392373,3.901202189601367,1.713131320593475,0.792327805605773
1403636753396635720,3.8996015609398,1.709248561804041,0.792420830396189
1403636753444267335,3.899264742339952,1.706249993937911,0.789433096851965
1403636753509571704,3.897120822435197,1.70216308754274,0.786089707428497
1403636753553202548,3.895085628127573,1.697320521143596,0.781581821529479
1403636753597114071,3.893350296350645,1.692216488047894,0.778131313819921
1403636753697357530,3.887495081322423,1.684667858937725,0.776599145940273
1403636753763524645,3.881750655584622,1.670077337591785,0.777195020056958
1403636753842572371,3.877268902983551,1.649821336582457,0.783640404657801
1403636753896181839,3.874292221974278,1.642585503132529,0.786687959135269
1403636753945860807,3.871320939047422,1.632495469623693,0.789247898299116
1403636754055794744,3.862903157817243,1.619281681640702,0.791042998343194
1403636754099440398,3.860873903583235,1.607974794510077,0.79018203445399
1403636754146185323,3.85821671655711,1.585784854426227,0.785522385445442
1403636754196365850,3.857268450541386,1.573600329641641,0.783066697434577
1403636754261151431,3.856939308471957,1.560788426922561,0.782753132362411
1403636754305167484,3.855735186075194,1.548139414162552,0.784161524122492
1403636754395627227,3.852197233419818,1.531458738306471,0.788072261159051
1403636754442565870,3.852133907808525,1.517204407353174,0.792647599462224
1403636754509461185,3.857143960441614,1.485646160427955,0.806482961268005
1403636754553366942,3.860004407709359,1.468504342767181,0.816154964080296
1403636754596403593,3.862337747761949,1.450124552586595,0.82689470554772
1403636754644587322,3.866947841092002,1.430981304669394,0.837303811917598
1403636754694250748,3.870348358437385,1.411199026740193,0.846284946781587
1403636754758951733,3.874886153492402,1.390181568851072,0.85368622457951
1403636754847458128,3.878409002728894,1.367970065215589,0.859669106852543
1403636754894984083,3.884673762537618,1.345929607438723,0.86394917575724
1403636754943384086,3.890907366662341,1.323078592114663,0.867193898158738
1403636755009130737,3.905324264017917,1.274758945975244,0.869965126266936
1403636755052944606,3.912968276831164,1.247669669477976,0.869761779848619
1403636755096558017,3.920489299444941,1.223160252421291,0.868459655384247
1403636755194553461,3.929380528941873,1.196474681683116,0.866021353360725
1403636755259362866,3.948083225575446,1.140768743464551,0.859887851904164
1403636755304201396,3.957043673851949,1.112162898907546,0.858379813196728
1403636755348202466,3.967035465833027,1.083760532741214,0.858505753787335
1403636755394711700,3.977532085005783,1.053757142411238,0.860539858026703
1403636755445322700,3.988141271874905,1.023414144024696,0.864320611559484
1403636755510431383,3.998261222217194,0.9949113473209,0.86955338866038
1403636755554996805,4.008235832873122,0.963725622306526,0.877890605660216
1403636755598968899,4.0191624436377,0.931718095785128,0.886276104717861
1403636755646820174,4.028789789256312,0.900115241930307,0.895507562818775
1403636755698669534,4.037984969174893,0.868550623126368,0.903838720798358
1403636755768253996,4.047616785060215,0.837370528496682,0.910579315675535
1403636755810591630,4.056894622100363,0.805536450180551,0.9158514255242
1403636755855607315,4.06471347762892,0.774617663740697,0.921260267925729
1403636755898164570,4.071701397896007,0.742837058545514,0.921496711254821
1403636755944656093,4.07910925458124,0.707726517028491,0.92244008505507
1403636756010683431,4.085636540849107,0.675286538811544,0.922498395871776
1403636756054440996,4.091903469632363,0.641802398637549,0.921445765253374
1403636756099312498,4.09886655308276,0.60823152521003,0.920009089328233
1403636756195974988,4.106885816049648,0.573006281259169,0.919217024387813
1403636756262885808,4.118745397460567,0.509347218391676,0.922254358623593
1403636756343863304,4.131036909069684,0.440546192021682,0.931764616449211
1403636756393202996,4.137488503148627,0.406338001235853,0.938490093010938
1403636756444515716,4.144189393615616,0.368643555999033,0.947011779051185
1403636756553199182,4.154799710372032,0.334980103365372,0.952061103647569
1403636756598073672,4.161798238251259,0.302735642169434,0.955715740123469
1403636756643933454,4.1696181305754,0.268786195175322,0.959070928617712
1403636756695444249,4.184998988423574,0.197813970853181,0.961455866650361
1403636756761739949,4.192545095102565,0.160583111181367,0.960665604359582
1403636756805742762,4.200567494322125,0.126816396854809,0.959144365791034
1403636756895210503,4.218359217326296,0.090769420117758,0.956921544258065
1403636756944747563,4.227099202568956,0.055022716855144,0.957355017590612
1403636757010951745,4.245258774045799,-0.016872304888918,0.962826563662689
1403636757055812539,4.256755951024387,-0.053070584109731,0.968457536635488
1403636757097419109,4.268093670971718,-0.087263813312782,0.975031792924022
1403636757147368566,4.279304761536301,-0.126078160300891,0.984022964726368
1403636757262171354,4.303068439184711,-0.161973846313041,0.990584002391425
1403636757342845058,4.327512673719671,-0.232404473064359,1.003091472978749
1403636757396475701,4.340952792833056,-0.26951115458719,1.007172381128911
1403636757442423998,4.367523746422445,-0.342267742595824,1.010794290924109
1403636757508320228,4.379724753059937,-0.377926408322334,1.010728628225644
1403636757596626487,4.410248804825788,-0.416185889465702,1.00742372165892
1403636757644129025,4.424526308736425,-0.453116879163497,1.00485207770123
1403636757696973473,4.439549980300907,-0.490215260627966,1.002584064176997
1403636757762125738,4.467225780473348,-0.564284440081684,1.002313113461882
1403636757806055864,4.479950734219544,-0.601041069020395,1.004700221200049
1403636757850968686,4.491251275483255,-0.640516524058156,1.009390703698285
1403636757897033266,4.503757370505945,-0.677575234241609,1.01544272027233
1403636758009948155,4.539101822141196,-0.754682450843796,1.032040937879764
1403636758053955994,4.547023354314026,-0.793262157000539,1.044243079461409
1403636758098024179,4.553987393125558,-0.830442681696134,1.057931041653295
1403636758144043696,4.560657540872638,-0.868067895899198,1.072834112235532
1403636758196513027,4.565800324379848,-0.906499006692585,1.087658000608367
1403636758342917240,4.585657866673951,-0.984415134799594,1.112072879284337
1403636758397943363,4.588741075387933,-1.021205848601976,1.12232754352043
1403636758444092167,4.592808355274972,-1.056094562754221,1.130276507351002
1403636758508921593,4.599174823062622,-1.128827542299392,1.142593195322578
1403636758552779635,4.601445367216657,-1.166340212292639,1.145945460221353
1403636758645493048,4.614261714510064,-1.201155100725073,1.146180792627635
1403636758695941577,4.616770327302417,-1.234749403754174,1.145732110182046
1403636758762645611,4.618858751028449,-1.298039395606689,1.141695509288705
1403636758805154436,4.618539005748102,-1.327769545481065,1.139010834130295
1403636758850153347,4.618688320931958,-1.35880256542888,1.136148356219022
1403636758897619229,4.618805703305194,-1.385756046720719,1.133062067420348
1403636758945304943,4.61711000627551,-1.414533855331174,1.129224701477359
1403636759055423414,4.620318442311234,-1.440324374404779,1.12466055893344
1403636759099491883,4.616613698938011,-1.464283723433601,1.120056276581774
1403636759144234824,4.612885377820164,-1.487669091924428,1.114491424061909
1403636759195841267,4.605471259255287,-1.529600089116391,1.101797095457384
1403636759260586760,4.602297719024616,-1.54973172011542,1.094088170028171
1403636759304494692,4.598885357476331,-1.567171054470278,1.086413636608453
1403636759400672623,4.600578473765879,-1.584615343027039,1.077412210086561
1403636759447371467,4.598169804541726,-1.598367862702468,1.06840138804044
1403636759513975104,4.595600256101584,-1.623939464552251,1.046391264971563
1403636759593660719,4.595831255100292,-1.643457754883208,1.022445482983329
1403636759644164967,4.596830749359887,-1.651407579425448,1.008325579706197
1403636759762783379,4.604948735567365,-1.664373825904586,0.978893834131059
1403636759806803001,4.607227101311516,-1.668767666073239,0.965973153851994
1403636759850625098,4.611045737147878,-1.672639416395775,0.955727298738492
1403636759897379898,4.614528896185109,-1.675640145736044,0.949156681839244
1403636759943868118,4.619262058588647,-1.678721802129852,0.944387956750068
1403636760009413076,4.624342231694651,-1.681786151641862,0.942471294616167
1403636760097354428,4.636121878380163,-1.686808860270497,0.939857178533524
1403636760143284579,4.640387036809959,-1.689097293856248,0.937731678589598
1403636760196999046,4.650648849250653,-1.694005421520592,0.931117839641472
1403636760263198587,4.655691394593064,-1.696380179785056,0.926876682868946
1403636760343724891,4.664550430003721,-1.701094740329555,0.917122810074312
1403636760444847278,4.675148408266603,-1.70513767957924,0.91083318944644
1403636760510869147,4.685004160713678,-1.708826130141168,0.897765156155028
1403636760546786232,4.688744398061973,-1.7106348048594,0.890328691480184
1403636760595527167,4.693500869879564,-1.712542631469413,0.882815807513432
1403636760645942972,4.698168015423451,-1.714312224977062,0.874327286632643
1403636760761752123,4.711339127310063,-1.719095394688534,0.857619583195195
1403636760803304624,4.715078042360712,-1.720745235388441,0.85013856907636
1403636760848086276,4.719601975331254,-1.723141650957322,0.842614663180503
1403636760896525995,4.724121053706177,-1.72575359995504,0.835686321727424
1403636760944788208,4.728558559931113,-1.728725462925526,0.829168765512565
1403636761009950890,4.732949117493233,-1.731824490333201,0.822699949543679
1403636761099018835,4.743449582109049,-1.738380133285031,0.815263826608946
1403636761142945446,4.747482730121275,-1.742490377239699,0.808991667274774
1403636761196495179,4.753902368844843,-1.752312102762359,0.796732223819489
1403636761261384351,4.756229128941349,-1.757966054827438,0.79021983917699
1403636761305110150,4.757598949042353,-1.76350707395413,0.784304018597594
1403636761395200395,4.762061351435043,-1.77181245979986,0.777207317570077
1403636761444508773,4.761940443403947,-1.778550636496037,0.771673112570658
1403636761511352454,4.760522594960199,-1.79288210445219,0.762331608114446
1403636761554182841,4.7582224975883,-1.800377763333498,0.758787300064222
1403636761599036506,4.756051781770473,-1.807868801489086,0.756156632180226
1403636761645555866,4.752830061200819,-1.815546552076645,0.754266640105247
1403636761762572521,4.744703137720034,-1.830368575998995,0.752538079288566
1403636761802815935,4.739787220459421,-1.8376180054416,0.752887779858973
1403636761846532553,4.735213459021488,-1.844161170665911,0.75376025466723
1403636761893553580,4.730897236538079,-1.850212161943309,0.75512674934745
1403636761952811620,4.727700339297436,-1.856251241538838,0.756748168883573
1403636762008707778,4.7239717158363,-1.861151140905155,0.759107772693644
1403636762052533256,4.721296016592048,-1.866287689161334,0.761903527768307
1403636762143125248,4.717052910962759,-1.870093764035973,0.765261178022481
1403636762197177801,4.714746262173533,-1.874641654890662,0.769032889503738
1403636762260167137,4.71140907491261,-1.883531910046904,0.777430140202206
1403636762303814469,4.710137667665265,-1.88850933508646,0.782148515169613
1403636762348238076,4.707920183055192,-1.893204891684757,0.787126606787333
1403636762395779239,4.706607609193651,-1.898170687011489,0.791679080459645
1403636762511784505,4.699770934609995,-1.909085645963352,0.797337499370119
1403636762556306308,4.69586093794995,-1.91582445406364,0.796825241734808
1403636762600003593,4.692324528545029,-1.923311966869729,0.793664642554993
1403636762645421019,4.687762602040476,-1.929821232184863,0.788395858478767
1403636762770820392,4.681890307860249,-1.942599679809416,0.770343118393649
1403636762813898192,4.673284834337381,-1.945906687762175,0.75915010110426
1403636762858350281,4.668054049862189,-1.950716430471425,0.745846173184134
1403636762902290833,4.661454502928593,-1.955339532841817,0.730712228514261
1403636762952695886,4.654882495709276,-1.958946430666108,0.713575473905674
1403636763010067902,4.649591891417363,-1.959887759661408,0.697777982554375
1403636763054985940,4.660066838465855,-1.957421251955209,0.695170383583885
1403636763097758970,4.668904670177727,-1.957570935425719,0.695840772992797
1403636763195385665,4.677387393534864,-1.957737830965063,0.694506452026421
1403636763259252747,4.684598732723632,-1.940545142634839,0.688459001872307
1403636763307454196,4.691981422387043,-1.942149432497296,0.690625379054667
1403636763352486653,4.693772084089156,-1.940040095761573,0.68959588915899
1403636763398709040,4.690910480132468,-1.938682119669697,0.688811326484082
1403636763445767098,4.686197719410814,-1.936602705430359,0.688273182960546
1403636763511052935,4.687087513426572,-1.937081392882871,0.688225859877548
1403636763555459725,4.688035162348294,-1.937395464184944,0.688119790792855
1403636763600624455,4.687113104337281,-1.936972572966301,0.688113964341023
1403636763696472659,4.687121073328197,-1.936938795929567,0.688079387446092
1403636763763119691,4.687116550969755,-1.936944685793941,0.688067331516697
1403636763806687359,4.687161697890778,-1.936860992226683,0.688128304020001
1403636763850302207,4.687146410325793,-1.936887502838011,0.688103291216916
1403636763896571390,4.687132969240719,-1.936908740658984,0.688076361145102
1403636763943179511,4.687135173910531,-1.936911765645464,0.688096305074041
1403636764053473140,4.687153069573918,-1.936863656063421,0.688084846496971
1403636764097288378,4.687156251019739,-1.936863229393554,0.688102195244508
1403636764145498430,4.687164043506771,-1.936832627345004,0.688074178737179
1403636764196761287,4.687133418919896,-1.936905760225356,0.688071847031248
1403636764261528510,4.687165037993705,-1.936830388219342,0.688074578423449
1403636764349731614,4.687147646298747,-1.936871195054546,0.688071522916908
1403636764395876536,4.687151357494632,-1.936871737635506,0.688094241840535
1403636764446679658,4.687130401786732,-1.936910072537316,0.688064716919844
1403636764499116556,4.68716287410916,-1.93684643355228,0.688100362955733
1403636764544358140,4.687140903338355,-1.936889544645676,0.688076370333636
1403636764595098276,4.68714849120035,-1.936860237688862,0.688050261707141
1403636764645724200,4.687144157308609,-1.936871240569627,0.688051490257509
1403636764750806104,4.687146800298994,-1.936866157574034,0.688054622224905
1403636764797162518,4.687148097217424,-1.936871502269218,0.688074858887786
1403636764845478256,4.687145528935685,-1.936868708570212,0.688053368290985
1403636764897002966,4.687151765476417,-1.936862762297118,0.688075185907923
1403636764946640430,4.687152531996532,-1.936860959739716,0.688075310909616
1403636765011021036,4.687152009386312,-1.936862161675033,0.688075161176951
1403636765098619647,4.687144924045863,-1.936873167568928,0.688060513265238
1403636765143364997,4.687145987462102,-1.936876354346533,0.688074254309469
1403636765194053209,4.687158694415075,-1.936846106107469,0.688075452431176
1403636765260241337,4.687147253046509,-1.936872024616073,0.68807123166272
1403636765303090306,4.687150078374742,-1.936868822255498,0.688079902657556
1403636765347918497,4.68716353547626,-1.936844814512245,0.68810031874442
1403636765444951707,4.687152997750624,-1.93685168037257,0.688055863799992
1403636765509848533,4.68716145745096,-1.936846187594377,0.688091597749543
1403636765553677155,4.68714591502649,-1.936870732674022,0.688060425562275
1403636765598696653,4.687156187915716,-1.936848983159681,0.688067845897717
1403636765646209221,4.687148559751393,-1.936863530010139,0.688058511146733
1403636765697232161,4.687149683138522,-1.936861640372332,0.688060488530551
1403636765763957524,4.687159940086135,-1.936846224319533,0.688082925612683
1403636765805682241,4.687149694755944,-1.936867256134613,0.688073952020312
1403636765848447634,4.68715055372281,-1.9368587636827,0.688058651955022
1403636765897862252,4.687167019191605,-1.936838053822868,0.688104302465459
1403636765945661694,4.687146966926527,-1.936884169013627,0.688098551247256
1403636766012913406,4.687167550763976,-1.936835308069355,0.688100821096984
1403636766056449445,4.687160096116967,-1.936849279128569,0.68809111375269
1403636766144324386,4.687159413742849,-1.936854232765117,0.688098991618487
1403636766195944266,4.687159343408963,-1.936855288275569,0.688101103588493
1403636766262852263,4.687156011931923,-1.936843110783291,0.688052821651766
1403636766343761768,4.68716323180305,-1.936847202884253,0.688104263268888
1403636766394114576,4.687148699428402,-1.936869379674838,0.688073271869725
1403636766444629341,4.687147783387953,-1.93687194492935,0.68807410316489
1403636766554049858,4.687151120386918,-1.936864819898611,0.688076370333636
1403636766598015117,4.687145584938651,-1.936882770546324,0.688087236813487
1403636766646455968,4.687150822290629,-1.936870350821723,0.688087843741736
1403636766695649188,4.687147660154591,-1.936876261852066,0.688083689984525
